CustomerID,recency,frequency,monetary_value,R,F,M,segment
12346,160,1,0,4,4,4,Lost Cheap Customers
12747,33,55,2091.4,2,2,1,Big Spenders
12748,4,1579,11027.72,1,1,1,Best Customer
12749,48,43,782.1,2,2,2,Others
12820,161,11,170.46,4,4,4,Lost Cheap Customers
12821,49,6,92.72,2,4,4,Others
12823,89,3,994.5,3,4,2,Others
12826,13,56,812.02,1,2,2,Others
12829,171,11,253.05,4,4,3,Others
12830,6,13,2221.84,1,4,1,Big Spenders
12831,97,9,215.04999999999998,3,4,4,Others
12834,117,18,312.38,4,3,3,Others
12836,54,101,1661.4,3,1,1,Almost Lost
12837,8,12,134.1,1,4,4,Others
12838,208,59,390.79,4,2,3,Others
12839,18,100,1697.07,1,1,1,Best Customer
12840,17,90,2138.27,1,1,1,Best Customer
12841,15,228,2160.9900000000002,1,1,1,Best Customer
12842,143,14,310.73,4,3,3,Others
12843,3,90,1376.51,1,1,1,Best Customer
12845,102,27,354.09,3,3,3,Others
12849,103,36,704.5,3,2,2,Others
12852,129,17,299.75,4,3,3,Others
12853,74,42,862.6,3,2,2,Others
12854,76,76,775.02,3,1,2,Loyal Customers
12855,207,3,38.1,4,4,4,Lost Cheap Customers
12857,45,46,1106.4,2,2,1,Big Spenders
12867,49,265,1730.29,2,1,1,Big Spenders
12868,20,107,1607.0600000000002,1,1,1,Best Customer
12871,42,4,132,2,4,4,Others
12872,161,66,599.97,4,1,2,Loyal Customers
12873,117,4,374,4,4,3,Others
12875,197,1,293.76000000000005,4,4,3,Others
12877,12,60,958.83,1,2,2,Others
12878,71,47,854.99,3,2,2,Others
12881,110,7,298,4,4,3,Others
12886,54,47,747.69,3,2,2,Others
12888,49,5,313.77,2,4,3,Others
12891,20,3,331,1,4,3,Others
12897,39,4,216.5,2,4,4,Others
12901,5,61,8437.3,1,2,1,Big Spenders
12902,99,10,138.68,3,4,4,Others
12904,7,32,244.69,1,2,3,Others
12908,11,2,360,1,4,3,Others
12909,36,65,1485.92,2,2,1,Big Spenders
12910,32,30,1142.5,2,2,1,Big Spenders
12913,117,15,866.39,4,3,2,Others
12915,207,13,199.65,4,4,4,Lost Cheap Customers
12916,36,81,2288.98,2,1,1,Big Spenders
12919,4,10,206.2,1,4,4,Others
12921,19,299,5941.02,1,1,1,Best Customer
12924,33,15,651.52,2,3,2,Others
12928,76,38,780.04,3,2,2,Others
12929,146,8,117.85,4,4,4,Lost Cheap Customers
12930,6,14,221.56,1,3,4,Others
12931,38,14,3838.7,2,3,1,Big Spenders
12933,6,49,356.24,1,2,3,Others
12935,38,53,861.98,2,2,2,Others
12937,32,28,428.23,2,3,3,Others
12939,108,26,7228.32,3,3,1,Big Spenders
12942,32,24,396.52000000000004,2,3,3,Others
12944,189,14,286.95,4,3,3,Others
12945,123,23,462.95,4,3,2,Others
12947,17,83,1182.99,1,1,1,Best Customer
12948,49,53,886.26,2,2,2,Others
12949,41,115,2226.5,2,1,1,Big Spenders
12951,8,45,743.28,1,2,2,Others
12955,3,49,991.38,1,2,2,Others
12956,141,19,108.07,4,3,4,Others
12957,21,108,1699.44,1,1,1,Best Customer
12963,200,16,350.2,4,3,3,Others
12967,193,19,1630.95,4,3,1,Big Spenders
12970,157,8,23.8,4,4,4,Lost Cheap Customers
12971,3,155,5176.14,1,1,1,Best Customer
12974,32,8,144.8,2,4,4,Others
12976,46,22,738.6,2,3,2,Others
12980,11,19,6393.06,1,3,1,Big Spenders
12982,77,28,377.2,3,3,3,Others
12987,32,14,290.6,2,3,3,Others
12988,127,92,535.32,4,1,2,Loyal Customers
12989,35,21,3321.64,2,3,1,Big Spenders
12990,20,7,263.9,1,4,3,Others
12993,42,12,175.29999999999998,2,4,4,Others
12994,103,22,316.40000000000003,3,3,3,Others
12997,71,33,583.27,3,2,2,Others
12999,31,28,455.88,2,3,3,Others
13000,94,30,458.53000000000003,3,2,2,Others
13001,19,276,7824.450000000001,1,1,1,Best Customer
13002,153,7,120.94999999999999,4,4,4,Lost Cheap Customers
13003,49,4,59.050000000000004,2,4,4,Others
13004,3,226,3111.98,1,1,1,Best Customer
13005,8,26,468.95,1,3,2,Others
13008,158,14,178.46999999999997,4,3,4,Others
13011,207,3,50.550000000000004,4,4,4,Lost Cheap Customers
13012,48,35,372.17,2,2,3,Others
13013,47,107,2372.29,2,1,1,Big Spenders
13014,4,50,1753.73,1,2,1,Big Spenders
13015,32,88,1763.04,2,1,1,Big Spenders
13018,14,247,3847.95,1,1,1,Best Customer
13021,50,39,737.97,2,2,2,Others
13026,55,6,243.71999999999997,3,4,3,Others
13027,68,15,3840,3,3,1,Big Spenders
13029,188,1,382.5,4,4,3,Others
13030,203,60,427.74,4,2,3,Others
13033,192,11,190.55,4,4,4,Lost Cheap Customers
13034,204,11,165.86,4,4,4,Lost Cheap Customers
13035,95,12,333,3,4,3,Others
13037,54,33,577.32,3,2,2,Others
13038,18,22,591.76,1,3,2,Others
13043,108,13,471.57,3,4,2,Others
13044,126,33,560.47,4,2,2,Others
13046,101,14,197.72,3,3,4,Others
13047,8,114,2202.23,1,1,1,Best Customer
13048,73,77,939.92,3,1,2,Loyal Customers
13049,153,7,153.78,4,4,4,Lost Cheap Customers
13050,20,263,3363.33,1,1,1,Best Customer
13052,47,18,348.15000000000003,2,3,3,Others
13055,48,22,344.86,2,3,3,Others
13059,84,8,183.4,3,4,4,Others
13060,88,15,307.53,3,3,3,Others
13062,26,11,346.98,2,4,3,Others
13064,162,9,203.3,4,4,4,Lost Cheap Customers
13065,208,14,205.86,4,3,4,Others
13068,154,1,165,4,4,4,Lost Cheap Customers
13069,15,294,2495.59,1,1,1,Best Customer
13070,27,9,228.8,2,4,4,Others
13072,101,7,177.15,3,4,4,Others
13077,125,63,577.44,4,2,2,Others
13078,15,177,4646.35,1,1,1,Best Customer
13080,14,6,58.08,1,4,4,Others
13081,52,576,14199.06,2,1,1,Big Spenders
13082,11,62,2227.38,1,2,1,Big Spenders
13085,130,13,134.4,4,4,4,Lost Cheap Customers
13089,5,1038,30395.07,1,1,1,Best Customer
13090,10,61,3769.59,1,2,1,Big Spenders
13092,46,21,421.75,2,3,3,Others
13093,110,159,7741.47,4,1,1,Lost Customers
13094,26,15,874.6200000000001,2,3,2,Others
13097,8,267,3927.61,1,1,1,Best Customer
13098,4,243,9399.13,1,1,1,Best Customer
13101,69,8,101.19,3,4,4,Others
13102,8,202,3917.7999999999997,1,1,1,Best Customer
13104,102,3,213.72,3,4,4,Others
13107,10,36,927.67,1,2,2,Others
13108,207,10,350.06,4,4,3,Others
13110,92,79,696.69,3,1,2,Loyal Customers
13113,10,147,8446.44,1,1,1,Best Customer
13115,19,55,850.8,1,2,2,Others
13117,52,59,751.37,2,2,2,Others
13118,43,48,786.29,2,2,2,Others
13120,73,1,30.599999999999998,3,4,4,Others
13121,104,50,254.73,3,2,3,Others
13122,75,54,903.67,3,2,2,Others
13124,87,150,2574.12,3,1,1,Almost Lost
13126,88,66,1054.02,3,1,1,Almost Lost
13131,22,14,324.9,2,3,3,Others
13132,96,3,77.3,3,4,4,Others
13133,108,7,109.8,3,4,4,Others
13134,18,46,849.7900000000001,1,2,2,Others
13135,31,1,3096,2,4,1,Big Spenders
13136,47,30,552.71,2,2,2,Others
13137,87,175,863.84,3,1,2,Loyal Customers
13138,75,26,386.85,3,3,3,Others
13139,50,34,1170.02,2,2,1,Big Spenders
13140,201,16,159.51,4,3,4,Others
13141,49,89,1398.08,2,1,1,Big Spenders
13144,167,3,110.95,4,4,4,Lost Cheap Customers
13145,207,1,295,4,4,3,Others
13148,67,163,1480.64,3,1,1,Almost Lost
13149,124,18,376.74,4,3,3,Others
13151,130,74,1250.3700000000001,4,1,1,Lost Customers
13155,161,63,569.2,4,2,2,Others
13157,76,25,478.28999999999996,3,3,2,Others
13158,153,19,256.40999999999997,4,3,3,Others
13161,148,8,112.75,4,4,4,Lost Cheap Customers
13162,19,60,1262.14,1,2,1,Big Spenders
13165,186,13,354.64,4,4,3,Others
13166,118,41,414.7,4,2,3,Others
13168,34,112,963.61,2,1,2,Loyal Customers
13169,87,6,505.2,3,4,2,Others
13171,134,23,140.35,4,3,4,Others
13173,202,23,165.94,4,3,4,Others
13174,151,242,2108.27,4,1,1,Lost Customers
13178,6,161,3310.93,1,1,1,Best Customer
13183,43,37,1527.0800000000002,2,2,1,Big Spenders
13184,19,95,897.47,1,1,2,Loyal Customers
13185,102,1,71.4,3,4,4,Others
13187,172,37,236.02,4,2,3,Others
13192,40,33,464.32,2,2,2,Others
13196,97,34,512.13,3,2,2,Others
13198,84,143,2076.8,3,1,1,Almost Lost
13199,7,54,4152.4000000000005,1,2,1,Big Spenders
13203,77,10,165.71,3,4,4,Others
13208,41,94,700.21,2,1,2,Loyal Customers
13209,62,146,2307.14,3,1,1,Almost Lost
13211,196,2,110.7,4,4,4,Lost Cheap Customers
13213,18,33,549.38,1,2,2,Others
13216,102,5,333.74,3,4,3,Others
13220,20,17,726.49,1,3,2,Others
13221,75,66,847.41,3,1,2,Loyal Customers
13223,35,5,163.20000000000002,2,4,4,Others
13225,31,19,3361.08,2,3,1,Big Spenders
13226,108,16,108.21,3,3,4,Others
13227,36,9,257.7,2,4,3,Others
13229,60,10,160.95,3,4,4,Others
13230,36,364,1799.48,2,1,1,Big Spenders
13232,15,132,878.45,1,1,2,Loyal Customers
13233,171,17,304.24,4,3,3,Others
13235,47,58,101.17000000000004,2,2,4,Others
13238,195,5,91.15,4,4,4,Lost Cheap Customers
13239,96,22,329.56,3,3,3,Others
13240,8,52,553.61,1,2,2,Others
13242,48,5,104,2,4,4,Others
13243,38,58,600.07,2,2,2,Others
13246,11,115,1860.99,1,1,1,Best Customer
13248,24,21,387.46999999999997,2,3,3,Others
13249,96,2,291.84000000000003,3,4,3,Others
13253,174,16,476.47999999999996,4,3,2,Others
13255,208,6,225.7,4,4,4,Lost Cheap Customers
13258,40,15,224.62,2,3,4,Others
13261,103,9,944.1,3,4,2,Others
13262,98,11,200.29,3,4,4,Others
13263,11,877,3790.35,1,1,1,Best Customer
13265,18,62,1465.66,1,2,1,Big Spenders
13266,20,86,1754.67,1,1,1,Best Customer
13267,34,102,2124.69,2,1,1,Big Spenders
13268,4,300,2111.4,1,1,1,Best Customer
13269,14,179,2332.02,1,1,1,Best Customer
13270,201,1,590,4,4,2,Others
13280,151,78,699.36,4,1,2,Loyal Customers
13282,55,14,342.15000000000003,3,3,3,Others
13283,20,2,25.5,1,4,4,Others
13284,165,13,196.15,4,4,4,Lost Cheap Customers
13285,61,82,1173.27,3,1,1,Almost Lost
13292,119,14,249.57,4,3,3,Others
13294,24,54,873.74,2,2,2,Others
13295,194,10,197.95000000000002,4,4,4,Lost Cheap Customers
13299,103,5,142.5,3,4,4,Others
13300,4,20,371.89,1,3,3,Others
13301,57,41,327.77,3,2,3,Others
13304,186,21,300.42,4,3,3,Others
13305,80,25,640.25,3,3,2,Others
13308,38,26,797.0500000000001,2,3,2,Others
13309,41,47,546.64,2,2,2,Others
13310,41,52,785.85,2,2,2,Others
13313,50,31,609.74,2,2,2,Others
13316,89,11,1460.24,3,4,1,Big Spenders
13317,33,68,1192.8700000000001,2,1,1,Big Spenders
13319,4,264,5468.6900000000005,1,1,1,Best Customer
13320,48,36,466.61,2,2,2,Others
13324,38,39,3766.14,2,2,1,Big Spenders
13327,20,65,1872.3500000000001,1,2,1,Big Spenders
13328,151,17,1308.48,4,3,1,Big Spenders
13329,201,7,255.59999999999997,4,4,3,Others
13330,20,27,728.22,1,3,2,Others
13334,25,215,2731.84,2,1,1,Big Spenders
13339,35,54,860.12,2,2,2,Others
13340,111,51,3678.03,4,2,1,Big Spenders
13341,95,42,775.85,3,2,2,Others
13343,12,19,303.93,1,3,3,Others
13344,112,68,1656.15,4,1,1,Lost Customers
13345,122,20,377.6,4,3,3,Others
13357,92,90,609.95,3,1,2,Loyal Customers
13358,103,29,439.03000000000003,3,3,3,Others
13362,80,93,1581.53,3,1,1,Almost Lost
13365,52,39,700.6,2,2,2,Others
13368,91,29,623.4,3,3,2,Others
13369,200,14,263.75,4,3,3,Others
13370,206,39,721.32,4,2,2,Others
13373,111,50,987.7,4,2,2,Others
13376,38,39,770,2,2,2,Others
13381,42,51,1071.35,2,2,1,Big Spenders
13382,115,15,222.99,4,3,4,Others
13384,13,54,1161.7,1,2,1,Big Spenders
13385,164,35,534.57,4,2,2,Others
13389,67,18,257.89,3,3,3,Others
13391,38,1,59.8,2,4,4,Others
13394,49,56,935.33,2,2,2,Others
13395,20,21,307.71999999999997,1,3,3,Others
13396,154,15,370.92,4,3,3,Others
13397,18,27,975.52,1,3,2,Others
13398,27,26,457.34,2,3,2,Others
13402,207,17,308.28000000000003,4,3,3,Others
13404,47,9,217.81,2,4,4,Others
13405,39,25,557.45,2,3,2,Others
13408,1,225,12560.49,1,1,1,Best Customer
13410,22,15,539.1899999999999,2,3,2,Others
13414,131,1,390,4,4,3,Others
13417,40,10,236,2,4,3,Others
13418,39,159,3092.65,2,1,1,Big Spenders
13420,5,4,55.8,1,4,4,Others
13421,125,64,822.94,4,2,2,Others
13425,3,54,1174.65,1,2,1,Big Spenders
13426,17,83,1558.68,1,1,1,Best Customer
13427,50,9,214.5,2,4,4,Others
13435,24,21,443.72,2,3,3,Others
13437,4,93,1661.73,1,1,1,Best Customer
13439,90,54,283.71,3,2,3,Others
13448,53,71,1379.31,3,1,1,Almost Lost
13450,39,21,678.54,2,3,2,Others
13451,46,252,1592.68,2,1,1,Big Spenders
13452,94,2,590,3,4,2,Others
13453,124,8,185,4,4,4,Lost Cheap Customers
13455,201,30,641.95,4,2,2,Others
13456,10,20,396.16,1,3,3,Others
13458,4,239,6492.91,1,1,1,Best Customer
13462,87,9,143.25,3,4,4,Others
13466,19,17,307.9,1,3,3,Others
13468,14,193,3685.34,1,1,1,Best Customer
13473,167,12,236.16,4,4,3,Others
13474,71,64,229.59,3,2,4,Others
13475,26,86,1431.78,2,1,1,Big Spenders
13476,13,58,1092.77,1,2,1,Big Spenders
13477,5,41,752.74,1,2,2,Others
13479,35,15,291,2,3,3,Others
13481,27,60,966.24,2,2,2,Others
13482,67,11,184.64,3,4,4,Others
13484,76,8,313.8,3,4,3,Others
13485,68,23,454.24,3,3,3,Others
13487,48,24,408.8,2,3,3,Others
13488,31,247,5477.68,2,1,1,Big Spenders
13489,124,7,235.68,4,4,3,Others
13491,82,72,1031.63,3,1,2,Loyal Customers
13494,146,18,316.26000000000005,4,3,3,Others
13495,67,28,1017.68,3,3,2,Others
13496,194,26,465.61,4,3,2,Others
13497,117,19,321.05,4,3,3,Others
13499,60,21,454.59000000000003,3,3,3,Others
13502,109,9,189.16,3,4,4,Others
13506,151,26,452.82,4,3,3,Others
13508,78,12,110.97,3,4,4,Others
13509,89,28,650.02,3,3,2,Others
13510,18,38,585.32,1,2,2,Others
13512,95,15,251.21,3,3,3,Others
13515,82,13,203.4,3,4,4,Others
13516,73,7,146,3,4,4,Others
13517,14,76,1098.11,1,1,1,Best Customer
13523,34,102,2159.74,2,1,1,Big Spenders
13524,8,12,247.70000000000002,1,4,3,Others
13525,83,2,282.88,3,4,3,Others
13527,36,46,585.64,2,2,2,Others
13529,39,7,181.1,2,4,4,Others
13531,40,22,483.8,2,3,2,Others
13533,17,76,270.79,1,1,3,Loyal Customers
13534,21,166,2795.2,1,1,1,Best Customer
13538,18,10,619.5,1,4,2,Others
13539,75,21,290.15,3,3,3,Others
13544,75,49,122.91,3,2,4,Others
13546,35,27,188.16,2,3,4,Others
13548,78,61,281.01,3,2,3,Others
13549,27,28,510.47,2,3,2,Others
13551,154,4,91.80000000000001,4,4,4,Lost Cheap Customers
13552,14,61,2127.3,1,2,1,Big Spenders
13555,36,55,1590.05,2,2,1,Big Spenders
13557,115,16,240.68,4,3,3,Others
13561,50,14,141.85999999999999,2,3,4,Others
13562,80,24,603.27,3,3,2,Others
13564,189,82,1198.38,4,1,1,Lost Customers
13565,169,13,110.18,4,4,4,Lost Cheap Customers
13568,8,44,192.85,1,2,4,Others
13569,202,24,118.32000000000001,4,3,4,Others
13570,78,27,239.49,3,3,3,Others
13571,19,78,507.31,1,1,2,Loyal Customers
13572,40,33,1384.25,2,2,1,Big Spenders
13573,88,3,31.770000000000003,3,4,4,Others
13575,11,5,88.55,1,4,4,Others
13576,11,56,3468.8,1,2,1,Big Spenders
13577,76,20,356.75,3,3,3,Others
13579,204,9,164.70000000000002,4,4,4,Lost Cheap Customers
13581,144,10,118,4,4,4,Lost Cheap Customers
13584,141,24,142.4,4,3,4,Others
13588,90,8,113.3,3,4,4,Others
13589,14,9,147,1,4,4,Others
13590,34,39,912.03,2,2,2,Others
13591,39,38,776.23,2,2,2,Others
13592,40,13,205.51,2,4,4,Others
13593,98,63,976.1500000000001,3,2,2,Others
13599,33,70,1933.32,2,1,1,Big Spenders
13600,147,19,219.52,4,3,4,Others
13601,46,42,373.2,2,2,3,Others
13606,78,40,250.42,3,2,3,Others
13610,22,92,466.42,2,1,2,Loyal Customers
13611,5,32,636.72,1,2,2,Others
13614,165,9,205.75,4,4,4,Lost Cheap Customers
13615,153,23,399.99,4,3,3,Others
13617,15,13,131.10999999999999,1,4,4,Others
13618,8,13,177.34,1,4,4,Others
13623,45,64,532.02,2,2,2,Others
13626,87,19,257.23,3,3,3,Others
13627,11,64,1027,1,2,2,Others
13629,8,20,3666,1,3,1,Big Spenders
13630,6,57,1029.74,1,2,2,Others
13631,12,6,1530,1,4,1,Big Spenders
13632,8,85,810.35,1,1,2,Loyal Customers
13634,77,73,625.41,3,1,2,Loyal Customers
13636,87,35,533.95,3,2,2,Others
13637,22,93,684.85,2,1,2,Loyal Customers
13642,50,66,354.8,2,1,3,Loyal Customers
13643,20,6,87.9,1,4,4,Others
13647,10,33,803.86,1,2,2,Others
13649,91,23,346.6,3,3,3,Others
13650,42,36,718.52,2,2,2,Others
13652,91,38,638.24,3,2,2,Others
13654,36,68,1172.84,2,1,1,Big Spenders
13655,76,21,383.65,3,3,3,Others
13656,172,31,162.70000000000002,4,2,4,Others
13657,36,9,152.34,2,4,4,Others
13658,39,32,715.6,2,2,2,Others
13659,40,104,1550.85,2,1,1,Big Spenders
13662,47,35,514.26,2,2,2,Others
13663,14,13,189.47,1,4,4,Others
13666,122,8,64.05,4,4,4,Lost Cheap Customers
13668,22,251,4026.6800000000003,2,1,1,Big Spenders
13672,136,6,-71.46,4,4,4,Lost Cheap Customers
13675,119,15,308.44,4,3,3,Others
13680,172,70,871.48,4,1,2,Loyal Customers
13682,22,3,59.5,2,4,4,Others
13684,120,30,64.23,4,2,4,Others
13686,17,8,72,1,4,4,Others
13692,48,32,850.13,2,2,2,Others
13694,11,319,30421.46,1,1,1,Best Customer
13695,5,28,749.54,1,3,2,Others
13700,11,116,1245.8,1,1,1,Best Customer
13703,153,1,99.5,4,4,4,Lost Cheap Customers
13705,208,10,318.14,4,4,3,Others
13706,137,20,330.79,4,3,3,Others
13707,102,48,806.41,3,2,2,Others
13708,106,51,296.88,3,2,3,Others
13709,3,84,1539.08,1,1,1,Best Customer
13711,53,13,252.06,3,4,3,Others
13712,81,10,228.84,3,4,4,Others
13715,116,105,1053.94,4,1,1,Lost Customers
13716,104,21,138.28,3,3,4,Others
13717,7,56,741.47,1,2,2,Others
13718,81,12,306.55,3,4,3,Others
13719,40,20,338.74,2,3,3,Others
13720,13,30,552.55,1,2,2,Others
13722,117,46,1463.47,4,2,1,Big Spenders
13723,52,6,199.85000000000002,2,4,4,Others
13725,4,95,1828.1,1,1,1,Best Customer
13728,33,31,493.93,2,2,2,Others
13731,54,38,610.59,3,2,2,Others
13735,10,102,1335.55,1,1,1,Best Customer
13736,95,76,349.63,3,1,3,Loyal Customers
13737,35,30,339.59999999999997,2,2,3,Others
13740,75,23,350.75,3,3,3,Others
13741,18,20,361.03000000000003,1,3,3,Others
13742,14,256,2429.12,1,1,1,Best Customer
13743,52,13,353.15999999999997,2,4,3,Others
13744,127,53,893.16,4,2,2,Others
13747,208,1,79.6,4,4,4,Lost Cheap Customers
13748,67,13,580.85,3,4,2,Others
13750,6,18,991.19,1,3,2,Others
13751,123,9,296.25,4,4,3,Others
13752,19,63,891.53,1,2,2,Others
13753,122,35,741.26,4,2,2,Others
13754,152,8,156,4,4,4,Lost Cheap Customers
13756,18,52,1711.8100000000002,1,2,1,Big Spenders
13758,36,95,2351.52,2,1,1,Big Spenders
13760,91,28,135.09,3,3,4,Others
13761,14,32,491.71000000000004,1,2,2,Others
13762,53,7,0,3,4,4,Others
13764,172,69,499.89,4,1,2,Loyal Customers
13767,38,212,7149.6900000000005,2,1,1,Big Spenders
13769,42,71,1439.56,2,1,1,Big Spenders
13771,34,70,1462.1000000000001,2,1,1,Big Spenders
13772,74,36,228.42,3,2,4,Others
13777,19,100,11154.07,1,1,1,Best Customer
13780,5,9,116.28000000000002,1,4,4,Others
13781,85,17,127.84,3,3,4,Others
13782,69,45,361.3,3,2,3,Others
13784,3,23,1632.39,1,3,1,Big Spenders
13786,202,7,230.39999999999998,4,4,4,Lost Cheap Customers
13787,199,7,106.4,4,4,4,Lost Cheap Customers
13791,3,7,937,1,4,2,Others
13792,122,4,74.60000000000001,4,4,4,Lost Cheap Customers
13798,7,213,23529.37,1,1,1,Best Customer
13799,129,16,341.7,4,3,3,Others
13800,144,33,558.32,4,2,2,Others
13802,89,48,2962.91,3,2,1,Big Spenders
13803,90,17,277.07,3,3,3,Others
13804,124,41,723.63,4,2,2,Others
13807,202,7,112.6,4,4,4,Lost Cheap Customers
13819,136,36,1140.35,4,2,1,Big Spenders
13821,96,42,270.15,3,2,3,Others
13824,38,26,1232.98,2,3,1,Big Spenders
13826,11,10,189.5,1,4,4,Others
13831,35,58,1097.99,2,2,1,Big Spenders
13835,50,21,328.45,2,3,3,Others
13837,46,19,271.24,2,3,3,Others
13838,204,52,238.11,4,2,3,Others
13841,87,1,85,3,4,4,Others
13842,34,112,1828.47,2,1,1,Big Spenders
13846,77,43,646.48,3,2,2,Others
13848,132,4,935,4,4,2,Others
13849,5,38,593.5799999999999,1,2,2,Others
13851,123,17,246.32,4,3,3,Others
13854,31,71,5075.04,2,1,1,Big Spenders
13856,3,14,363.4,1,3,3,Others
13859,161,28,201.16,4,3,4,Others
13862,22,73,1130.46,2,1,1,Big Spenders
13863,82,20,299.56,3,3,3,Others
13865,21,17,282.52,1,3,3,Others
13867,53,8,138.85,3,4,4,Others
13869,97,139,1584.96,3,1,1,Almost Lost
13870,3,55,898,1,2,2,Others
13871,41,118,2395.73,2,1,1,Big Spenders
13873,53,14,222.5,3,3,4,Others
13874,193,18,540.45,4,3,2,Others
13875,19,58,1067.88,1,2,1,Big Spenders
13880,21,72,1339.57,1,1,1,Best Customer
13881,4,82,5218.33,1,1,1,Best Customer
13883,53,94,1643.2,3,1,1,Almost Lost
13884,112,10,189.95000000000002,4,4,4,Lost Cheap Customers
13885,24,28,506.8,2,3,2,Others
13887,39,19,349.55,2,3,3,Others
13888,53,20,239.52,3,3,3,Others
13890,193,11,185.25,4,4,4,Lost Cheap Customers
13892,81,3,54.519999999999996,3,4,4,Others
13893,132,21,821.1,4,3,2,Others
13894,145,10,150.95,4,4,4,Lost Cheap Customers
13898,160,12,155.93,4,4,4,Lost Cheap Customers
13899,109,15,298.5,3,3,3,Others
13900,18,43,740.95,1,2,2,Others
13901,91,34,648.3,3,2,2,Others
13904,129,17,201.12,4,3,4,Others
13908,49,52,808.61,2,2,2,Others
13911,32,106,1703.91,2,1,1,Big Spenders
13917,26,5,65.38,2,4,4,Others
13918,88,8,198.20000000000002,3,4,4,Others
13922,186,7,172.25,4,4,4,Lost Cheap Customers
13929,4,9,802.85,1,4,2,Others
13931,115,20,378.21000000000004,4,3,3,Others
13932,129,16,307.4,4,3,3,Others
13934,98,31,922.1,3,2,2,Others
13936,14,26,361.28,1,3,3,Others
13937,4,9,158.85,1,4,4,Others
13939,146,12,172.7,4,4,4,Lost Cheap Customers
13941,6,28,2755.66,1,3,1,Big Spenders
13946,36,9,485.96999999999997,2,4,2,Others
13948,195,3,102,4,4,4,Lost Cheap Customers
13950,81,7,179.30999999999997,3,4,4,Others
13951,11,39,674.45,1,2,2,Others
13952,52,137,3246.091,2,1,1,Big Spenders
13953,45,3,1750,2,4,1,Big Spenders
13955,140,11,205.1,4,4,4,Lost Cheap Customers
13956,78,57,293.67,3,2,3,Others
13959,116,34,337.44,4,2,3,Others
13962,80,7,117.6,3,4,4,Others
13963,143,35,664.54,4,2,2,Others
13969,4,242,2550.18,1,1,1,Best Customer
13971,13,67,1233.24,1,1,1,Best Customer
13972,36,9,145.9,2,4,4,Others
13973,122,11,264.7,4,4,3,Others
13975,50,128,938.5600000000001,2,1,2,Loyal Customers
13976,41,10,357.98,2,4,3,Others
13982,161,52,903.8,4,2,2,Others
13983,22,76,1681.06,2,1,1,Big Spenders
13984,84,10,717.23,3,4,2,Others
13985,19,62,1129.7,1,2,1,Big Spenders
13988,35,74,1349.43,2,1,1,Big Spenders
13989,74,23,896.67,3,3,2,Others
13990,48,16,311.3,2,3,3,Others
13993,40,69,1488.57,2,1,1,Big Spenders
13995,80,17,300.25,3,3,3,Others
13999,14,87,1553.47,1,1,1,Best Customer
14000,46,15,633.71,2,3,2,Others
14001,67,24,1296.39,3,3,1,Big Spenders
14004,8,57,1480.36,1,2,1,Big Spenders
14005,10,22,331.46,1,3,3,Others
14006,76,20,662.09,3,3,2,Others
14009,33,42,685.9300000000001,2,2,2,Others
14012,112,11,328.8,4,4,3,Others
14013,110,8,118.5,4,4,4,Lost Cheap Customers
14021,46,18,501.7,2,3,2,Others
14022,60,28,440,3,3,3,Others
14023,85,16,273.14,3,3,3,Others
14030,78,131,1435.02,3,1,1,Almost Lost
14031,3,154,7581.7,1,1,1,Best Customer
14032,3,96,1805.47,1,1,1,Best Customer
14035,102,23,700.58,3,3,2,Others
14036,119,38,626.65,4,2,2,Others
14037,11,28,147.20000000000002,1,3,4,Others
14038,42,45,710.42,2,2,2,Others
14040,18,122,1899.48,1,1,1,Best Customer
14041,101,21,141.41,3,3,4,Others
14044,144,55,173.74,4,2,4,Others
14045,172,5,1251.75,4,4,1,Big Spenders
14046,119,14,154.99,4,3,4,Others
14047,34,18,617.32,2,3,2,Others
14048,140,85,375.13,4,1,3,Loyal Customers
14049,35,253,3046.44,2,1,1,Big Spenders
14051,8,102,6236.29,1,1,1,Best Customer
14056,19,508,3687.37,1,1,1,Best Customer
14057,34,157,2605.97,2,1,1,Big Spenders
14059,101,8,183.6,3,4,4,Others
14060,18,100,3395.1,1,1,1,Best Customer
14062,11,75,5194.67,1,1,1,Best Customer
14064,46,32,686.64,2,2,2,Others
14066,101,7,152.55,3,4,4,Others
14068,155,24,265.85,4,3,3,Others
14071,95,29,225.4,3,3,4,Others
14075,96,18,307.92,3,3,3,Others
14077,17,34,310.4,1,2,3,Others
14078,19,52,827.91,1,2,2,Others
14081,137,153,904.67,4,1,2,Loyal Customers
14082,199,29,182.25,4,3,4,Others
14083,34,98,489.47,2,1,2,Loyal Customers
14085,10,302,2947.61,1,1,1,Best Customer
14088,5,186,15388,1,1,1,Best Customer
14090,159,1,76.32000000000001,4,4,4,Lost Cheap Customers
14092,5,118,2067.61,1,1,1,Best Customer
14099,5,148,1714.07,1,1,1,Best Customer
14101,32,25,4159.39,2,3,1,Big Spenders
14105,74,74,1266.23,3,1,1,Almost Lost
14107,11,90,1822.09,1,1,1,Best Customer
14110,6,70,2067.7400000000002,1,1,1,Best Customer
14111,76,2,94.2,3,4,4,Others
14112,38,71,1069.5,2,1,1,Big Spenders
14113,189,2,-25.25,4,4,4,Lost Cheap Customers
14114,108,15,386.53,3,3,3,Others
14127,91,29,452.23,3,3,3,Others
14128,90,22,305.54,3,3,3,Others
14129,95,16,358.90000000000003,3,3,3,Others
14130,154,67,483.86,4,1,2,Loyal Customers
14132,18,24,306.86,1,3,3,Others
14133,150,16,302.7,4,3,3,Others
14135,21,89,2441.46,1,1,1,Best Customer
14142,208,22,311.81,4,3,3,Others
14145,52,4,1128.6,2,4,1,Big Spenders
14146,89,65,662.3,3,2,2,Others
14147,120,2,182.8,4,4,4,Lost Cheap Customers
14148,68,3,157.2,3,4,4,Others
14149,55,28,259.43,3,3,3,Others
14150,194,12,306.18,4,4,3,Others
14152,69,29,304.31,3,3,3,Others
14154,74,52,1345.62,3,2,1,Big Spenders
14155,101,6,118.75,3,4,4,Others
14157,120,39,244.72,4,2,3,Others
14159,4,356,1417.74,1,1,1,Best Customer
14161,50,108,1110.52,2,1,1,Big Spenders
14162,8,25,289.36,1,3,3,Others
14163,34,25,749.79,2,3,2,Others
14165,110,25,122.53999999999999,4,3,4,Others
14167,98,27,259,3,3,3,Others
14173,54,11,114.04,3,4,4,Others
14175,6,59,1146.3899999999999,1,2,1,Big Spenders
14176,132,31,574,4,2,2,Others
14177,14,20,118.08,1,3,4,Others
14178,17,29,197.37,1,3,4,Others
14180,3,188,3494.42,1,1,1,Best Customer
14185,166,3,197.65,4,4,4,Lost Cheap Customers
14188,49,23,760.9,2,3,2,Others
14189,35,119,2136.42,2,1,1,Big Spenders
14191,19,36,761.95,1,2,2,Others
14193,104,23,422.54,3,3,3,Others
14194,7,220,3895.06,1,1,1,Best Customer
14195,36,7,962.7,2,4,2,Others
14198,74,12,173.4,3,4,4,Others
14199,53,2,185.39999999999998,3,4,4,Others
14201,21,20,351.7,1,3,3,Others
14205,99,14,-15.300000000000006,3,3,4,Others
14206,74,20,308.26,3,3,3,Others
14209,48,53,1076.85,2,2,1,Big Spenders
14210,32,86,1599.65,2,1,1,Big Spenders
14211,42,48,880.84,2,2,2,Others
14214,5,54,818.06,1,2,2,Others
14215,21,62,1086.47,1,2,1,Big Spenders
14217,19,50,939.43,1,2,2,Others
14220,82,21,632.4,3,3,2,Others
14221,25,81,1648.8799999999999,2,1,1,Big Spenders
14222,12,41,683.17,1,2,2,Others
14223,99,18,289,3,3,3,Others
14224,50,81,495.32,2,1,2,Loyal Customers
14226,45,42,1678.85,2,2,1,Big Spenders
14227,31,134,2389.02,2,1,1,Big Spenders
14229,126,26,665.53,4,3,2,Others
14231,18,50,822.0600000000001,1,2,2,Others
14232,21,61,1001.48,1,2,2,Others
14233,46,20,959.1,2,3,2,Others
14235,61,47,1264.55,3,2,1,Big Spenders
14236,207,3,189.3,4,4,4,Lost Cheap Customers
14237,208,9,161,4,4,4,Lost Cheap Customers
14238,161,8,146.85,4,4,4,Lost Cheap Customers
14239,35,67,1237.69,2,1,1,Big Spenders
14240,60,10,226.85,3,4,4,Others
14241,18,10,213.70000000000002,1,4,4,Others
14242,69,16,280.55,3,3,3,Others
14243,11,98,1745.02,1,1,1,Best Customer
14245,54,108,1677.48,3,1,1,Almost Lost
14246,80,24,449.64,3,3,3,Others
14247,113,20,136.77,4,3,4,Others
14248,153,8,302.58,4,4,3,Others
14256,95,53,935.0600000000001,3,2,2,Others
14257,19,56,1030.59,1,2,2,Others
14258,34,67,7607.82,2,1,1,Big Spenders
14262,75,16,240,3,3,3,Others
14264,80,5,101.2,3,4,4,Others
14267,95,30,809.01,3,2,2,Others
14270,166,29,492.65000000000003,4,3,2,Others
14271,60,10,112.32000000000001,3,4,4,Others
14272,89,8,132.09,3,4,4,Others
14273,52,12,218.7,2,4,4,Others
14276,15,43,644.1,1,2,2,Others
14280,31,8,134.04,2,4,4,Others
14282,11,75,2023.38,1,1,1,Best Customer
14285,11,1,5.9,1,4,4,Others
14286,77,141,2050.08,3,1,1,Almost Lost
14287,33,4,57.88,2,4,4,Others
14288,48,16,413.85,2,3,3,Others
14289,11,38,723.52,1,2,2,Others
14290,196,23,770.36,4,3,2,Others
14291,7,120,2030.22,1,1,1,Best Customer
14292,39,42,1087.31,2,2,1,Big Spenders
14293,140,22,508.02000000000004,4,3,2,Others
14297,109,11,232.6,3,4,3,Others
14298,25,908,30493.99,2,1,1,Big Spenders
14299,153,24,527.6899999999999,4,3,2,Others
14304,57,17,197.1,3,3,4,Others
14307,54,107,1694.98,3,1,1,Almost Lost
14309,3,68,1277.17,1,1,1,Best Customer
14311,77,20,229.71,3,3,4,Others
14312,21,49,854.59,1,2,2,Others
14315,26,37,856.2,2,2,2,Others
14320,41,31,343.11,2,2,3,Others
14321,11,58,626.93,1,2,2,Others
14323,73,19,269.02,3,3,3,Others
14326,77,8,166.85,3,4,4,Others
14329,108,114,2086,3,1,1,Almost Lost
14334,38,105,1665.48,2,1,1,Big Spenders
14336,33,59,1114.39,2,2,1,Big Spenders
14338,31,30,551.92,2,2,2,Others
14339,77,14,289.90999999999997,3,3,3,Others
14340,53,6,134.7,3,4,4,Others
14341,50,45,687.25,2,2,2,Others
14342,45,7,248.75,2,4,3,Others
14344,41,45,645.88,2,2,2,Others
14346,132,17,262.44,4,3,3,Others
14348,95,18,409.57,3,3,3,Others
14350,109,18,258.7,3,3,3,Others
14352,69,38,845.32,3,2,2,Others
14353,50,6,90.6,2,4,4,Others
14355,200,11,174.4,4,4,4,Lost Cheap Customers
14364,5,37,2492.4,1,2,1,Big Spenders
14367,19,273,4061.77,1,1,1,Best Customer
14368,154,8,155,4,4,4,Lost Cheap Customers
14371,130,4,100.5,4,4,4,Lost Cheap Customers
14373,193,4,76.55,4,4,4,Lost Cheap Customers
14375,20,75,257.68,1,1,3,Loyal Customers
14377,26,11,617.05,2,4,2,Others
14379,130,17,110.98,4,3,4,Others
14386,131,7,142.4,4,4,4,Lost Cheap Customers
14388,38,69,1159.74,2,1,1,Big Spenders
14389,25,19,298.6,2,3,3,Others
14390,46,104,1030.13,2,1,2,Loyal Customers
14393,53,5,67.95,3,4,4,Others
14395,12,186,1956.27,1,1,1,Best Customer
14396,206,34,110.35000000000001,4,2,4,Others
14397,6,18,379.04,1,3,3,Others
14401,4,47,1282.72,1,2,1,Big Spenders
14403,52,17,926.51,2,3,2,Others
14404,4,74,998.68,1,1,2,Loyal Customers
14407,40,35,972.98,2,2,2,Others
14408,6,50,1215.3200000000002,1,2,1,Big Spenders
14409,153,13,514.9,4,4,2,Others
14410,41,109,709.8,2,1,2,Loyal Customers
14411,145,14,1063,4,3,1,Big Spenders
14413,197,23,122.7,4,3,4,Others
14414,193,8,217.2,4,4,4,Lost Cheap Customers
14415,17,277,2729.27,1,1,1,Best Customer
14419,87,58,307.56,3,2,3,Others
14421,46,15,455.18,2,3,3,Others
14422,5,61,1032.15,1,2,2,Others
14423,53,3,265.2,3,4,3,Others
14426,13,140,2185.68,1,1,1,Best Customer
14428,74,28,326.38,3,3,3,Others
14431,137,17,397.76000000000005,4,3,3,Others
14437,200,5,63,4,4,4,Lost Cheap Customers
14438,141,9,131.9,4,4,4,Lost Cheap Customers
14440,151,31,1185.71,4,2,1,Big Spenders
14441,90,13,260.74,3,4,3,Others
14443,145,39,589.08,4,2,2,Others
14446,81,83,303.04,3,1,3,Loyal Customers
14447,31,39,601.03,2,2,2,Others
14448,199,18,102.35,4,3,4,Others
14449,81,107,401.3,3,1,3,Loyal Customers
14450,15,40,483.25,1,2,2,Others
14451,29,52,360,2,2,3,Others
14453,25,22,119.93,2,3,4,Others
14457,145,4,113.64,4,4,4,Lost Cheap Customers
14460,6,10,225.54,1,4,4,Others
14461,13,166,1746.22,1,1,1,Best Customer
14462,20,149,1106.55,1,1,1,Best Customer
14463,5,4,309.42,1,4,3,Others
14465,81,130,1058.6200000000001,3,1,1,Almost Lost
14466,22,35,1345.7,2,2,1,Big Spenders
14467,147,15,131.7,4,3,4,Others
14470,122,35,297.64,4,2,3,Others
14472,22,224,1529.6299999999999,2,1,1,Big Spenders
14473,117,1,85,4,4,4,Lost Cheap Customers
14475,21,28,595.64,1,3,2,Others
14476,92,19,215.7,3,3,4,Others
14477,19,3,523,1,4,2,Others
14479,88,18,316.25,3,3,3,Others
14481,122,12,302.86,4,4,3,Others
14482,74,15,238.1,3,3,3,Others
14483,116,9,137.1,4,4,4,Lost Cheap Customers
14487,203,13,112.35000000000001,4,4,4,Lost Cheap Customers
14489,42,30,463.38,2,2,2,Others
14491,10,17,340.93,1,3,3,Others
14496,146,19,538.8100000000001,4,3,2,Others
14497,144,29,457.47,4,3,2,Others
14498,21,28,313.24,1,3,3,Others
14499,113,44,126.02000000000001,4,2,4,Others
14500,24,5,284.85,2,4,3,Others
14501,18,10,251.21,1,4,3,Others
14502,69,237,971.98,3,1,2,Loyal Customers
14503,13,40,597.07,1,2,2,Others
14504,78,96,542.71,3,1,2,Loyal Customers
14505,39,406,3147.32,2,1,1,Big Spenders
14506,118,88,566.86,4,1,2,Loyal Customers
14507,50,55,600.31,2,2,2,Others
14512,22,23,275.28,2,3,3,Others
14513,41,11,300.25,2,4,3,Others
14514,36,39,403.11,2,2,3,Others
14515,26,30,765.65,2,2,2,Others
14520,125,1,165,4,4,4,Lost Cheap Customers
14522,33,7,278.63,2,4,3,Others
14524,13,142,1052.72,1,1,1,Best Customer
14525,20,147,1954.94,1,1,1,Best Customer
14527,5,464,3420.7,1,1,1,Best Customer
14530,20,111,1560.84,1,1,1,Best Customer
14532,71,64,932.85,3,2,2,Others
14533,187,10,433.5,4,4,3,Others
14534,4,272,2279.84,1,1,1,Best Customer
14535,83,95,853.97,3,1,2,Loyal Customers
14536,94,19,171.8,3,3,4,Others
14538,91,3,106.5,3,4,4,Others
14540,144,11,195.9,4,4,4,Lost Cheap Customers
14541,3,108,1315.65,1,1,1,Best Customer
14542,20,5,103.25,1,4,4,Others
14543,6,56,2245.69,1,2,1,Big Spenders
14544,196,57,1121.92,4,2,1,Big Spenders
14546,36,142,857.51,2,1,2,Loyal Customers
14548,152,2,326.4,4,4,3,Others
14549,146,56,289.24,4,2,3,Others
14551,39,7,125.43,2,4,4,Others
14553,53,39,312.32,3,2,3,Others
14555,137,16,197.94,4,3,4,Others
14560,31,37,1222.05,2,2,1,Big Spenders
14561,19,16,222.07,1,3,4,Others
14562,18,106,1131.49,1,1,1,Best Customer
14565,40,78,1867.05,2,1,1,Big Spenders
14570,115,29,218.06,4,3,4,Others
14572,89,105,1062.98,3,1,1,Almost Lost
14573,14,235,1603.72,1,1,1,Best Customer
14576,207,1,35.400000000000006,4,4,4,Lost Cheap Customers
14577,67,62,468.01,3,2,2,Others
14583,20,113,314.33,1,1,3,Loyal Customers
14584,4,100,1029.26,1,1,2,Loyal Customers
14586,111,19,134.16,4,3,4,Others
14587,19,363,1470.63,1,1,1,Best Customer
14589,206,3,39.75,4,4,4,Lost Cheap Customers
14591,48,45,250.22,2,2,3,Others
14593,33,64,339.59,2,2,3,Others
14594,208,31,255,4,2,3,Others
14595,148,5,163.8,4,4,4,Lost Cheap Customers
14597,26,3,165.1,2,4,4,Others
14600,140,25,393.33000000000004,4,3,3,Others
14603,109,2,660,3,4,2,Others
14606,5,1538,7431.99,1,1,1,Best Customer
14607,96,3,495,3,4,2,Others
14608,197,1,204,4,4,4,Lost Cheap Customers
14609,12,2,295.2,1,4,3,Others
14616,77,3,406.08000000000004,3,4,3,Others
14618,172,5,196.95,4,4,4,Lost Cheap Customers
14619,80,20,379.51,3,3,3,Others
14620,40,26,393.28000000000003,2,3,3,Others
14621,22,33,636.3100000000001,2,2,2,Others
14622,19,21,320.58000000000004,1,3,3,Others
14623,21,73,397.86,1,1,3,Loyal Customers
14625,31,53,848.48,2,2,2,Others
14626,68,29,569.4,3,3,2,Others
14628,77,12,331.58000000000004,3,4,3,Others
14631,70,25,630.08,3,3,2,Others
14632,97,8,114.56,3,4,4,Others
14633,101,20,344.90000000000003,3,3,3,Others
14636,103,16,300.19,3,3,3,Others
14639,126,70,1202.98,4,1,1,Lost Customers
14640,5,44,803.1,1,2,2,Others
14643,5,31,668.61,1,2,2,Others
14644,133,8,187.50000000000003,4,4,4,Lost Cheap Customers
14645,110,9,240.1,4,4,3,Others
14647,36,30,243.22,2,2,3,Others
14649,47,49,584.22,2,2,2,Others
14651,46,60,416.32,2,2,3,Others
14653,173,29,344.81,4,3,3,Others
14655,57,14,810.56,3,3,2,Others
14656,4,80,291.05,1,1,3,Loyal Customers
14657,117,76,514.45,4,1,2,Loyal Customers
14659,22,129,1328.26,2,1,1,Big Spenders
14662,69,92,524.86,3,1,2,Loyal Customers
14665,131,41,713.86,4,2,2,Others
14667,6,338,4800.83,1,1,1,Best Customer
14669,76,170,1269.99,3,1,1,Almost Lost
14670,115,132,411.53,4,1,3,Loyal Customers
14672,69,61,765.5500000000001,3,2,2,Others
14673,202,15,373.49,4,3,3,Others
14676,42,17,1143.52,2,3,1,Big Spenders
14680,13,160,15352.2,1,1,1,Best Customer
14681,46,5,393.95,2,4,3,Others
14682,22,2,52,2,4,4,Others
14684,50,189,519.26,2,1,2,Loyal Customers
14688,14,194,2912.13,1,1,1,Best Customer
14689,43,13,112.8,2,4,4,Others
14691,47,17,439.6,2,3,3,Others
14692,70,54,470.8,3,2,2,Others
14693,99,8,172.9,3,4,4,Others
14696,22,67,1163.41,2,1,1,Big Spenders
14697,53,22,188.60999999999999,3,3,4,Others
14699,49,8,109.13000000000001,2,4,4,Others
14700,24,77,1557.6,2,1,1,Big Spenders
14701,7,238,1895.13,1,1,1,Best Customer
14702,116,118,1222.15,4,1,1,Lost Customers
14704,15,30,110.12,1,2,4,Others
14705,33,1,179,2,4,4,Others
14708,203,12,389.36,4,4,3,Others
14709,22,85,1933.14,2,1,1,Big Spenders
14711,20,205,1573.39,1,1,1,Best Customer
14713,21,189,1447.54,1,1,1,Best Customer
14715,133,22,247.45,4,3,3,Others
14719,14,77,488.12,1,1,2,Loyal Customers
14723,193,90,471,4,1,2,Loyal Customers
14727,109,10,268.58,3,4,3,Others
14729,208,71,313.49,4,1,3,Loyal Customers
14730,13,158,767.07,1,1,2,Loyal Customers
14731,40,30,251.01999999999998,2,2,3,Others
14732,21,80,1283.2,1,1,1,Best Customer
14733,5,170,8251.84,1,1,1,Best Customer
14735,11,97,2628.41,1,1,1,Best Customer
14737,188,8,434,4,4,3,Others
14738,34,25,525.69,2,3,2,Others
14739,54,24,1307.6200000000001,3,3,1,Big Spenders
14740,32,89,1423.21,2,1,1,Big Spenders
14741,196,19,495.3,4,3,2,Others
14744,132,17,916.58,4,3,2,Others
14745,19,31,528.57,1,2,2,Others
14747,84,18,294.3,3,3,3,Others
14748,47,51,667.17,2,2,2,Others
14754,130,15,228.27,4,3,4,Others
14755,11,118,2194.38,1,1,1,Best Customer
14758,40,57,1206.94,2,2,1,Big Spenders
14759,67,35,572.25,3,2,2,Others
14760,132,5,53.8,4,4,4,Lost Cheap Customers
14761,169,7,97.5,4,4,4,Lost Cheap Customers
14762,98,21,300.52,3,3,3,Others
14765,11,7,80.5,1,4,4,Others
14766,3,93,1481.02,1,1,1,Best Customer
14769,36,615,5827.2,2,1,1,Big Spenders
14770,67,52,876.42,3,2,2,Others
14775,207,20,406.56,4,3,3,Others
14776,6,68,1456.68,1,1,1,Best Customer
14778,143,18,334.05,4,3,3,Others
14779,115,41,386.15,4,2,3,Others
14782,154,6,200.10000000000002,4,4,4,Lost Cheap Customers
14784,158,4,114.68,4,4,4,Lost Cheap Customers
14790,88,10,152.16,3,4,4,Others
14794,38,40,645.64,2,2,2,Others
14796,7,587,3875.32,1,1,1,Best Customer
14798,145,6,75.68,4,4,4,Lost Cheap Customers
14800,26,287,3294.81,2,1,1,Big Spenders
14803,110,19,730.79,4,3,2,Others
14805,148,19,109.25,4,3,4,Others
14808,7,85,679.62,1,1,2,Loyal Customers
14810,33,170,1278.7,2,1,1,Big Spenders
14813,204,30,155.43,4,2,4,Others
14816,32,4,271.85,2,4,3,Others
14817,35,63,1110.34,2,2,1,Big Spenders
14818,4,25,409.63,1,3,3,Others
14819,27,3,84.72,2,4,4,Others
14820,8,8,139.77,1,4,4,Others
14821,201,2,48.800000000000004,4,4,4,Lost Cheap Customers
14823,15,70,321.43,1,1,3,Loyal Customers
14825,4,77,1207.32,1,1,1,Best Customer
14828,31,17,2139.76,2,3,1,Big Spenders
14829,19,34,478.73,1,2,2,Others
14834,75,11,229.24,3,4,4,Others
14837,36,30,492.26,2,2,2,Others
14840,102,4,62.85,3,4,4,Others
14841,14,106,2375.57,1,1,1,Best Customer
14842,26,78,1381.23,2,1,1,Big Spenders
14844,11,66,1543.35,1,1,1,Best Customer
14849,11,172,3390.9500000000003,1,1,1,Best Customer
14850,146,21,278.15,4,3,3,Others
14851,91,14,206.13,3,3,4,Others
14852,12,58,1208.25,1,2,1,Big Spenders
14853,46,3,214.5,2,4,4,Others
14854,4,96,1918.18,1,1,1,Best Customer
14859,39,11,295.16,2,4,3,Others
14865,207,3,37.2,4,4,4,Lost Cheap Customers
14866,201,1,103.67999999999999,4,4,4,Lost Cheap Customers
14867,20,36,701.33,1,2,2,Others
14868,68,24,439.33,3,3,3,Others
14870,96,13,327.25,3,4,3,Others
14871,13,62,354.75,1,2,3,Others
14873,45,28,519.68,2,3,2,Others
14875,97,5,358.1,3,4,3,Others
14878,8,81,1083.02,1,1,1,Best Customer
14880,20,26,363.27,1,3,3,Others
14883,46,19,310.56,2,3,3,Others
14886,87,18,364.8,3,3,3,Others
14888,42,20,369.2,2,3,3,Others
14889,171,10,135.9,4,4,4,Lost Cheap Customers
14890,88,7,125.65,3,4,4,Others
14891,22,27,449.38,2,3,3,Others
14895,17,216,4669.36,1,1,1,Best Customer
14896,39,43,468.77000000000004,2,2,2,Others
14897,131,10,175.5,4,4,4,Lost Cheap Customers
14898,75,24,535.73,3,3,2,Others
14901,195,38,490.75,4,2,2,Others
14903,35,207,1740.03,2,1,1,Big Spenders
14905,68,9,308.55,3,4,3,Others
14907,195,47,959.44,4,2,2,Others
14913,18,62,917.15,1,2,2,Others
14915,112,8,142.28,4,4,4,Lost Cheap Customers
14916,159,15,295.05,4,3,3,Others
14920,47,57,977.77,2,2,2,Others
14921,36,53,903.01,2,2,2,Others
14924,80,10,310.05,3,4,3,Others
14944,21,67,1792.43,1,1,1,Best Customer
14948,54,13,278.40000000000003,3,4,3,Others
14952,41,87,3405.31,2,1,1,Big Spenders
14957,88,12,58.49,3,4,4,Others
14958,20,34,392.28,1,2,3,Others
14959,50,45,422.38,2,2,3,Others
14960,6,2,88.3,1,4,4,Others
14961,67,142,3141.56,3,1,1,Almost Lost
14962,105,5,126.7,3,4,4,Others
14963,18,38,294.2,1,2,3,Others
14964,82,13,206.21,3,4,4,Others
14970,87,12,782.25,3,4,2,Others
14973,60,5,654.6,3,4,2,Others
14976,31,46,425.26,2,2,3,Others
14978,70,178,1537.28,3,1,1,Almost Lost
14981,81,8,102.12,3,4,4,Others
14984,15,17,110.18,1,3,4,Others
14985,33,87,296.75,2,1,3,Loyal Customers
14987,200,2,163.2,4,4,4,Lost Cheap Customers
14988,46,40,334.54,2,2,3,Others
14995,115,37,119.31,4,2,4,Others
14997,13,9,155.28,1,4,4,Others
14998,5,75,429.87,1,1,3,Loyal Customers
15002,131,75,1147.5900000000001,4,1,1,Lost Customers
15005,12,566,3126.43,1,1,1,Best Customer
15012,208,54,191.06,4,2,4,Others
15014,11,3,117.73,1,4,4,Others
15016,7,20,170.04,1,3,4,Others
15018,87,17,251.39000000000001,3,3,3,Others
15019,101,70,266,3,1,3,Loyal Customers
15021,10,240,883.9300000000001,1,1,2,Loyal Customers
15023,4,345,3675.56,1,1,1,Best Customer
15024,131,62,688.09,4,2,2,Others
15026,75,26,230.78,3,3,4,Others
15027,3,31,952.77,1,2,2,Others
15028,203,14,185.97,4,3,4,Others
15030,103,3,152.76,3,4,4,Others
15031,117,24,150.83,4,3,4,Others
15032,91,52,4464.1,3,2,1,Big Spenders
15033,43,178,1169.14,2,1,1,Big Spenders
15034,67,185,2655.58,3,1,1,Almost Lost
15036,12,59,245.69,1,2,3,Others
15038,22,110,517.45,2,1,2,Loyal Customers
15039,6,1039,15122.710000000001,1,1,1,Best Customer
15041,5,67,180.35,1,1,4,Loyal Customers
15042,34,5,135.93,2,4,4,Others
15044,11,264,4987.17,1,1,1,Best Customer
15045,92,4,286.9,3,4,3,Others
15046,8,129,2920.2599999999998,1,1,1,Best Customer
15047,104,22,343.62,3,3,3,Others
15048,55,61,256.45,3,2,3,Others
15049,108,3,121.17,3,4,4,Others
15052,154,30,215.78,4,2,4,Others
15053,116,20,222.65,4,3,4,Others
15057,110,25,1489.5,4,3,1,Big Spenders
15058,18,156,1011.3100000000001,1,1,2,Loyal Customers
15059,5,141,721.03,1,1,2,Loyal Customers
15061,6,259,31974.04,1,1,1,Best Customer
15062,52,45,814.04,2,2,2,Others
15063,48,5,370.79999999999995,2,4,3,Others
15065,62,72,1384.25,3,1,1,Almost Lost
15067,117,35,848.05,4,2,2,Others
15068,91,39,239.96,3,2,3,Others
15069,14,70,1109.53,1,1,1,Best Customer
15070,207,1,106.2,4,4,4,Lost Cheap Customers
15071,110,12,588.67,4,4,2,Others
15073,20,44,430.98,1,2,3,Others
15076,7,49,880.85,1,2,2,Others
15078,25,201,4078.46,2,1,1,Big Spenders
15079,47,47,893.66,2,2,2,Others
15081,43,17,230.6,2,3,4,Others
15083,91,5,88.2,3,4,4,Others
15087,116,15,306.94,4,3,3,Others
15090,143,23,381.32,4,3,3,Others
15092,50,26,457.81,2,3,2,Others
15093,41,82,3209.8,2,1,1,Big Spenders
15095,38,29,764.6,2,3,2,Others
15098,17,3,649.5,1,4,2,Others
15100,168,3,635.1,4,4,2,Others
15101,194,4,94.78,4,4,4,Lost Cheap Customers
15104,31,69,1027.44,2,1,2,Loyal Customers
15106,46,53,778.45,2,2,2,Others
15107,146,17,247.66,4,3,3,Others
15109,80,28,463.75,3,3,2,Others
15110,153,9,161.15,4,4,4,Lost Cheap Customers
15111,207,16,288.5,4,3,3,Others
15114,17,71,1027.25,1,1,2,Loyal Customers
15116,39,15,479.65,2,3,2,Others
15117,50,8,312.4,2,4,3,Others
15119,80,14,266.40000000000003,3,3,3,Others
15121,123,18,295.15,4,3,3,Others
15122,39,46,911.0600000000001,2,2,2,Others
15123,41,53,1069.47,2,2,1,Big Spenders
15124,26,9,90.75,2,4,4,Others
15125,7,89,8278.24,1,1,1,Best Customer
15128,3,60,823.4399999999999,1,2,2,Others
15129,11,58,1801.33,1,2,1,Big Spenders
15130,4,22,330.11,1,3,3,Others
15132,34,25,489.87,2,3,2,Others
15133,92,17,657.9,3,3,2,Others
15134,12,24,411.08,1,3,3,Others
15135,74,9,127.15,3,4,4,Others
15139,74,13,178.96,3,4,4,Others
15140,33,39,1123.2,2,2,1,Big Spenders
15143,60,14,259.45,3,3,3,Others
15144,52,52,1644.6200000000001,2,2,1,Big Spenders
15145,62,41,724.03,3,2,2,Others
15146,126,63,820.72,4,2,2,Others
15147,75,28,608.65,3,3,2,Others
15150,21,94,1318.07,1,1,1,Best Customer
15152,22,43,717.7,2,2,2,Others
15157,193,54,1055.22,4,2,1,Big Spenders
15159,6,210,6118.89,1,1,1,Best Customer
15160,192,4,158.16,4,4,4,Lost Cheap Customers
15163,27,10,155,2,4,4,Others
15164,43,56,368.18,2,2,3,Others
15165,208,27,487.75,4,3,2,Others
15167,155,41,163,4,2,4,Others
15171,166,5,1034.5,4,4,2,Others
15172,31,38,526.2,2,2,2,Others
15174,157,11,135.75,4,4,4,Lost Cheap Customers
15178,95,3,40.5,3,4,4,Others
15179,68,46,1438.62,3,2,1,Big Spenders
15180,202,6,87.5,4,4,4,Lost Cheap Customers
15181,10,10,425.79999999999995,1,4,3,Others
15182,103,16,370.48,3,3,3,Others
15184,25,20,235.23,2,3,3,Others
15186,3,10,229.26000000000002,1,4,4,Others
15187,3,12,1038.8,1,4,2,Others
15189,6,89,5514.72,1,1,1,Best Customer
15192,26,40,737.99,2,2,2,Others
15194,5,192,3985.41,1,1,1,Best Customer
15197,87,15,353.85,3,3,3,Others
15199,70,6,657.15,3,4,2,Others
15201,39,38,590.49,2,2,2,Others
15203,33,56,692.9,2,2,2,Others
15204,192,9,316.58,4,4,3,Others
15206,110,1,17.700000000000003,4,4,4,Lost Cheap Customers
15208,188,3,65.4,4,4,4,Lost Cheap Customers
15210,60,20,331.18,3,3,3,Others
15211,200,23,383.07,4,3,3,Others
15212,76,5,88.94999999999999,3,4,4,Others
15213,153,24,325.05,4,3,3,Others
15214,18,46,651.63,1,2,2,Others
15218,13,84,2447.6,1,1,1,Best Customer
15219,11,9,305.75,1,4,3,Others
15220,4,61,926.77,1,2,2,Others
15221,201,5,114.10000000000001,4,4,4,Lost Cheap Customers
15222,153,5,585,4,4,2,Others
15223,60,20,454.9,3,3,3,Others
15224,193,14,310.48,4,3,3,Others
15225,69,23,409.40000000000003,3,3,3,Others
15226,145,8,154.41,4,4,4,Lost Cheap Customers
15227,50,43,876.8199999999999,2,2,2,Others
15228,4,43,1253.45,1,2,1,Big Spenders
15230,74,23,429.6,3,3,3,Others
15234,111,14,197,4,3,4,Others
15235,52,143,2247.51,2,1,1,Big Spenders
15236,133,15,321.05,4,3,3,Others
15237,38,76,1093.65,2,1,1,Big Spenders
15238,19,14,284.69,1,3,3,Others
15240,26,42,1024.38,2,2,2,Others
15241,18,70,1047.51,1,1,1,Best Customer
15244,83,15,297.94,3,3,3,Others
15245,22,65,1737.72,2,2,1,Big Spenders
15246,73,33,514.15,3,2,2,Others
15249,31,144,2832.92,2,1,1,Big Spenders
15251,13,58,5439.25,1,2,1,Big Spenders
15252,18,14,300.55,1,3,3,Others
15253,4,12,173.85,1,4,4,Others
15257,118,7,232.15,4,4,4,Lost Cheap Customers
15258,3,34,623.16,1,2,2,Others
15260,21,54,1270.48,1,2,1,Big Spenders
15262,158,10,178.95000000000002,4,4,4,Lost Cheap Customers
15265,70,42,712.24,3,2,2,Others
15266,173,6,119.3,4,4,4,Lost Cheap Customers
15267,17,5,1035.76,1,4,2,Others
15270,73,28,1272.3500000000001,3,3,1,Big Spenders
15271,15,72,910.7,1,1,2,Loyal Customers
15279,189,19,277.40999999999997,4,3,3,Others
15280,7,16,113.12,1,3,4,Others
15281,32,114,1835.21,2,1,1,Big Spenders
15288,35,69,1624,2,1,1,Big Spenders
15289,84,19,375.45,3,3,3,Others
15290,38,77,1985.9199999999998,2,1,1,Big Spenders
15291,7,83,3234.48,1,1,1,Best Customer
15292,36,25,180.94,2,3,4,Others
15296,10,113,2063.69,1,1,1,Best Customer
15298,22,90,1777.2,2,1,1,Big Spenders
15299,98,4,1763.0900000000001,3,4,1,Big Spenders
15301,7,126,2813.11,1,1,1,Best Customer
15303,125,31,574.02,4,2,2,Others
15304,53,12,376.65000000000003,3,4,3,Others
15308,109,19,302.27,3,3,3,Others
15311,6,1315,35582.21,1,1,1,Best Customer
15312,50,29,604.15,2,3,2,Others
15314,34,24,327.97,2,3,3,Others
15316,161,1,165,4,4,4,Lost Cheap Customers
15319,118,16,204.5,4,3,4,Others
15321,126,38,1159.47,4,2,1,Big Spenders
15326,168,29,311.71,4,3,3,Others
15329,6,16,291.4,1,3,3,Others
15333,43,16,1028.56,2,3,2,Others
15334,8,29,114.5,1,3,4,Others
15339,153,41,257.9,4,2,3,Others
15346,167,17,252.42000000000002,4,3,3,Others
15347,201,5,201.60000000000002,4,4,4,Lost Cheap Customers
15349,22,60,366.11,2,2,3,Others
15350,208,5,115.65,4,4,4,Lost Cheap Customers
15351,204,51,261.28,4,2,3,Others
15353,89,63,777.02,3,2,2,Others
15356,10,345,1607.57,1,1,1,Best Customer
15358,13,309,4675.35,1,1,1,Best Customer
15361,196,7,418.92,4,4,3,Others
15363,207,16,318.05,4,3,3,Others
15364,89,3,331.8,3,4,3,Others
15365,150,12,208.61,4,4,4,Lost Cheap Customers
15366,193,8,105.54,4,4,4,Lost Cheap Customers
15367,80,65,1406.28,3,2,1,Big Spenders
15370,38,51,1127.94,2,2,1,Big Spenders
15373,8,92,1317.5,1,1,1,Best Customer
15376,57,59,654.17,3,2,2,Others
15379,4,194,3631.89,1,1,1,Best Customer
15380,200,1,230.10000000000002,4,4,4,Lost Cheap Customers
15381,48,8,596.85,2,4,2,Others
15382,19,130,2099.27,1,1,1,Best Customer
15384,4,41,635.76,1,2,2,Others
15386,21,31,394.14,1,2,3,Others
15389,7,1,500,1,4,2,Others
15392,195,19,319.18,4,3,3,Others
15393,116,8,124.10000000000001,4,4,4,Lost Cheap Customers
15394,39,54,1436.44,2,2,1,Big Spenders
15395,160,7,107.45,4,4,4,Lost Cheap Customers
15397,124,6,94,4,4,4,Lost Cheap Customers
15400,19,7,409.3,1,4,3,Others
15402,31,28,440.99,2,3,3,Others
15405,24,8,349.1,2,4,3,Others
15406,136,43,252.29,4,2,3,Others
15407,18,62,740.73,1,2,2,Others
15408,99,34,267.18,3,2,3,Others
15410,7,78,2361.9300000000003,1,1,1,Best Customer
15411,17,10,156.4,1,4,4,Others
15412,6,10,190.53,1,4,4,Others
15414,77,5,36.2,3,4,4,Others
15415,148,48,572.8100000000001,4,2,2,Others
15416,74,107,2274.43,3,1,1,Almost Lost
15421,50,41,739.36,2,2,2,Others
15422,158,6,97.7,4,4,4,Lost Cheap Customers
15424,89,17,383.34,3,3,3,Others
15426,92,120,658.03,3,1,2,Loyal Customers
15433,48,41,533.3,2,2,2,Others
15434,35,12,262.96,2,4,3,Others
15436,69,130,489.05,3,1,2,Loyal Customers
15437,97,45,200.16,3,2,4,Others
15440,43,20,125.8,2,3,4,Others
15442,83,2,594,3,4,2,Others
15443,155,51,437.71,4,2,3,Others
15445,99,5,113.5,3,4,4,Others
15447,165,9,155.17,4,4,4,Lost Cheap Customers
15448,147,28,494.64,4,3,2,Others
15449,20,40,646.05,1,2,2,Others
15452,99,43,247.25,3,2,3,Others
15453,4,77,345.03,1,1,3,Loyal Customers
15454,197,25,179.1,4,3,4,Others
15456,118,60,447.22,4,2,3,Others
15457,97,58,237.07,3,2,3,Others
15460,189,58,216.76,4,2,4,Others
15462,22,5,105,2,4,4,Others
15464,173,157,1048.85,4,1,1,Lost Customers
15465,15,64,5031.36,1,2,1,Big Spenders
15482,85,14,1437.44,3,3,1,Big Spenders
15483,101,54,114.85,3,2,4,Others
15485,171,43,1278.63,4,2,1,Big Spenders
15489,46,23,348.26,2,3,3,Others
15491,14,129,2400.71,1,1,1,Best Customer
15493,84,143,938.5,3,1,2,Loyal Customers
15497,154,10,968.1,4,4,2,Others
15498,3,338,7671.36,1,1,1,Best Customer
15502,110,83,2219.91,4,1,1,Lost Customers
15503,197,70,147.09,4,1,4,Loyal Customers
15507,6,46,492.36,1,2,2,Others
15508,24,92,1000.27,2,1,2,Loyal Customers
15510,165,1,250,4,4,3,Others
15512,194,6,101.2,4,4,4,Lost Cheap Customers
15513,10,162,6942.16,1,1,1,Best Customer
15514,60,108,1385.67,3,1,1,Almost Lost
15517,68,27,267.03,3,3,3,Others
15518,50,108,972.92,2,1,2,Loyal Customers
15521,47,123,1542.78,2,1,1,Big Spenders
15525,208,57,313.93,4,2,3,Others
15527,17,71,1147.29,1,1,1,Best Customer
15528,89,26,229.33,3,3,4,Others
15529,45,296,1932.21,2,1,1,Big Spenders
15530,4,78,990.88,1,1,2,Loyal Customers
15532,193,50,356.35,4,2,3,Others
15535,8,75,459.9,1,1,2,Loyal Customers
15543,123,28,127.86,4,3,4,Others
15544,8,153,2077.49,1,1,1,Best Customer
15545,206,31,135.33,4,2,4,Others
15547,29,288,2404.53,2,1,1,Big Spenders
15549,151,61,904.6,4,2,2,Others
15550,5,29,279.03999999999996,1,3,3,Others
15552,52,17,90.12,2,3,4,Others
15554,112,14,217.2,4,3,4,Others
15555,10,343,2091.17,1,1,1,Best Customer
15561,50,7,265.75,2,4,3,Others
15562,186,1,134.55,4,4,4,Lost Cheap Customers
15563,35,62,735.62,2,2,2,Others
15569,167,7,288.5,4,4,3,Others
15570,41,224,2469.87,2,1,1,Big Spenders
15572,83,92,876.04,3,1,2,Loyal Customers
15574,12,168,702.25,1,1,2,Loyal Customers
15577,140,4,29.65,4,4,4,Lost Cheap Customers
15579,148,26,199.6,4,3,4,Others
15581,7,124,653.84,1,1,2,Loyal Customers
15582,55,22,303.61,3,3,3,Others
15585,11,31,455.3,1,2,3,Others
15587,186,3,344.88,4,4,3,Others
15589,90,29,456.58,3,3,2,Others
15594,69,15,263.66,3,3,3,Others
15596,49,75,1326.44,2,1,1,Big Spenders
15599,39,29,448.83,2,3,3,Others
15601,5,310,5116.2,1,1,1,Best Customer
15602,35,17,341.46,2,3,3,Others
15605,87,39,690.1800000000001,3,2,2,Others
15606,5,57,2136.16,1,2,1,Big Spenders
15607,171,13,104.76,4,4,4,Lost Cheap Customers
15609,19,16,270.03000000000003,1,3,3,Others
15611,12,12,470.11,1,4,2,Others
15615,18,203,5190.76,1,1,1,Best Customer
15620,55,60,854.06,3,2,2,Others
15622,32,138,2501,2,1,1,Big Spenders
15624,41,18,311.4,2,3,3,Others
15625,14,46,929.02,1,2,2,Others
15626,164,20,281.88,4,3,3,Others
15628,17,58,1005.12,1,2,2,Others
15630,39,21,390.91,2,3,3,Others
15632,17,73,1540.76,1,1,1,Best Customer
15636,117,8,306.7,4,4,3,Others
15640,20,250,6757.52,1,1,1,Best Customer
15641,95,82,1305.38,3,1,1,Almost Lost
15643,26,33,647.4,2,2,2,Others
15644,91,112,423.19,3,1,3,Loyal Customers
15646,81,28,317.54,3,3,3,Others
15648,39,25,599.9,2,3,2,Others
15649,171,2,816,4,4,2,Others
15651,95,16,227.32,3,3,4,Others
15655,78,34,511.32,3,2,2,Others
15656,13,35,563.63,1,2,2,Others
15658,25,48,958.9,2,2,2,Others
15660,39,41,693.92,2,2,2,Others
15661,152,5,309.8,4,4,3,Others
15665,3,116,2242.01,1,1,1,Best Customer
15668,52,1,76.32000000000001,2,4,4,Others
15669,11,25,428.09000000000003,1,3,3,Others
15670,131,12,173.05,4,4,4,Lost Cheap Customers
15671,77,50,1016.13,3,2,2,Others
15673,49,99,1785.73,2,1,1,Big Spenders
15674,48,60,677.08,2,2,2,Others
15675,115,3,45,4,4,4,Lost Cheap Customers
15676,118,61,877.4,4,2,2,Others
15679,17,13,178.22,1,4,4,Others
15680,201,30,478.89,4,2,2,Others
15681,18,32,703.22,1,2,2,Others
15687,21,97,1667.8500000000001,1,1,1,Best Customer
15689,196,6,103.5,4,4,4,Lost Cheap Customers
15691,87,2,136.8,3,4,4,Others
15694,11,40,3249.98,1,2,1,Big Spenders
15695,101,22,409.98,3,3,3,Others
15696,55,104,1550.8500000000001,3,1,1,Almost Lost
15700,7,86,664.03,1,1,2,Loyal Customers
15703,99,5,211.5,3,4,4,Others
15704,22,74,1507.32,2,1,1,Big Spenders
15705,36,6,143.1,2,4,4,Others
15708,57,191,2052.08,3,1,1,Almost Lost
15709,118,6,133.25,4,4,4,Lost Cheap Customers
15712,18,27,458.65000000000003,1,3,2,Others
15713,201,9,161.2,4,4,4,Lost Cheap Customers
15716,36,93,902.44,2,1,2,Loyal Customers
15717,69,7,150.3,3,4,4,Others
15719,13,530,2773.12,1,1,1,Best Customer
15722,22,34,729.3000000000001,2,2,2,Others
15723,199,41,203.1,4,2,4,Others
15724,36,11,212.3,2,4,4,Others
15727,33,159,3250.87,2,1,1,Big Spenders
15729,47,5,62,2,4,4,Others
15730,41,29,454.93,2,3,3,Others
15732,47,14,294.12,2,3,3,Others
15733,117,10,162.3,4,4,4,Lost Cheap Customers
15734,35,11,578.6500000000001,2,4,2,Others
15737,21,44,657.13,1,2,2,Others
15738,18,107,2905.4100000000003,1,1,1,Best Customer
15743,19,18,322.55,1,3,3,Others
15745,71,18,302.85,3,3,3,Others
15747,7,19,242.65,1,3,3,Others
15749,70,10,21535.9,3,4,1,Big Spenders
15750,5,133,1095.58,1,1,1,Best Customer
15752,84,158,1045.18,3,1,1,Almost Lost
15753,139,1,79.2,4,4,4,Lost Cheap Customers
15754,81,6,91.8,3,4,4,Others
15755,70,37,620.73,3,2,2,Others
15756,48,87,249.12,2,1,3,Loyal Customers
15757,52,16,261.36,2,3,3,Others
15759,53,7,253.04,3,4,3,Others
15764,19,92,1694.52,1,1,1,Best Customer
15768,38,18,439.15,2,3,3,Others
15769,7,61,30765.72,1,2,1,Big Spenders
15775,80,7,104.9,3,4,4,Others
15777,76,21,1021.61,3,3,2,Others
15780,18,29,475.28000000000003,1,3,2,Others
15781,140,5,83.35,4,4,4,Lost Cheap Customers
15785,32,45,1318.6200000000001,2,2,1,Big Spenders
15789,193,25,351.3,4,3,3,Others
15791,39,54,1214.99,2,2,1,Big Spenders
15793,103,3,306.64,3,4,3,Others
15796,22,69,1204.97,2,1,1,Big Spenders
15797,49,7,1840.2,2,4,1,Big Spenders
15799,20,37,481.24,1,2,2,Others
15800,81,14,244.5,3,3,3,Others
15804,5,62,1125.39,1,2,1,Big Spenders
15805,10,163,2974.7000000000003,1,1,1,Best Customer
15806,111,16,300.36,4,3,3,Others
15808,141,208,3724.77,4,1,1,Lost Customers
15809,19,27,399.21,1,3,3,Others
15810,5,87,1361.19,1,1,1,Best Customer
15811,40,74,1253.44,2,1,1,Big Spenders
15812,24,32,1054.22,2,2,1,Big Spenders
15813,42,40,1303.91,2,2,1,Big Spenders
15815,47,19,1394.08,2,3,1,Big Spenders
15819,34,77,1177.14,2,1,1,Big Spenders
15820,154,17,206.98,4,3,4,Others
15822,194,16,440.2,4,3,3,Others
15823,207,1,-840.76,4,4,4,Lost Cheap Customers
15825,7,20,532.94,1,3,2,Others
15826,45,28,720,2,3,2,Others
15827,18,70,943.76,1,1,2,Loyal Customers
15831,159,17,255.94,4,3,3,Others
15832,89,54,836.79,3,2,2,Others
15834,112,166,1132.52,4,1,1,Lost Customers
15835,95,26,488.31,3,3,2,Others
15838,14,68,8968.56,1,1,1,Best Customer
15840,7,17,231.84,1,3,4,Others
15841,53,24,603.3,3,3,2,Others
15843,138,8,118.95000000000002,4,4,4,Lost Cheap Customers
15845,14,72,1912.34,1,1,1,Best Customer
15847,123,9,180.68,4,4,4,Lost Cheap Customers
15850,3,47,118.88,1,2,4,Others
15852,21,22,160.71,1,3,4,Others
15854,7,92,2037.69,1,1,1,Best Customer
15855,18,59,474.69,1,2,2,Others
15856,17,220,7594.86,1,1,1,Best Customer
15858,124,102,816.22,4,1,2,Loyal Customers
15860,67,53,420.26,3,2,3,Others
15861,102,115,722.48,3,1,2,Loyal Customers
15862,39,87,491.01,2,1,2,Loyal Customers
15863,27,2,9.2,2,4,4,Others
15864,12,7,400.36,1,4,3,Others
15865,48,16,313.93,2,3,3,Others
15867,18,260,2057.77,1,1,1,Best Customer
15869,112,15,149.64,4,3,4,Others
15874,12,87,2181.15,1,1,1,Best Customer
15880,204,105,313.28,4,1,3,Loyal Customers
15881,147,29,438.24,4,3,3,Others
15882,33,23,495.36,2,3,2,Others
15885,144,1,15,4,4,4,Lost Cheap Customers
15889,204,66,297.92,4,1,3,Loyal Customers
15891,61,62,524.52,3,2,2,Others
15894,88,41,263.55,3,2,3,Others
15897,29,24,222.05,2,3,4,Others
15898,61,74,998.79,3,1,2,Loyal Customers
15899,203,4,56.25,4,4,4,Lost Cheap Customers
15903,62,26,641.22,3,3,2,Others
15906,54,64,637.26,3,2,2,Others
15907,11,123,529.52,1,1,2,Loyal Customers
15909,8,7,191.93999999999997,1,4,4,Others
15910,42,135,550.61,2,1,2,Loyal Customers
15912,13,19,264.62,1,3,3,Others
15916,26,70,830.23,2,1,2,Loyal Customers
15917,82,12,123.1,3,4,4,Others
15918,25,40,334.23,2,2,3,Others
15919,203,49,270.71999999999997,4,2,3,Others
15921,7,25,336.03000000000003,1,3,3,Others
15922,208,11,363.6,4,4,3,Others
15923,207,21,127.08,4,3,4,Others
15925,29,12,207.15,2,4,4,Others
15932,49,51,1260.48,2,2,1,Big Spenders
15935,74,12,416.86,3,4,3,Others
15938,36,13,335.3,2,4,3,Others
15939,15,62,5207.12,1,2,1,Big Spenders
15940,146,1,31.799999999999997,4,4,4,Lost Cheap Customers
15944,111,6,325.1,4,4,3,Others
15945,200,2,181,4,4,4,Lost Cheap Customers
15950,194,29,428.82,4,3,3,Others
15951,120,22,375.17,4,3,3,Others
15952,60,14,232.65,3,3,3,Others
15953,46,39,807.24,2,2,2,Others
15955,38,52,1435.67,2,2,1,Big Spenders
15965,202,16,156.19,4,3,4,Others
15967,153,35,173.8,4,2,4,Others
15969,20,10,308.7,1,4,3,Others
15970,138,11,314.1,4,4,3,Others
15971,77,11,1086.15,3,4,1,Big Spenders
15973,201,4,99.77000000000001,4,4,4,Lost Cheap Customers
15974,19,105,2042.25,1,1,1,Best Customer
15976,55,50,209.99,3,2,4,Others
15980,89,20,760.18,3,3,2,Others
15981,3,49,2061,1,2,1,Big Spenders
15983,195,81,1148.27,4,1,1,Lost Customers
15984,68,73,782.08,3,1,2,Loyal Customers
15985,71,27,899.58,3,3,2,Others
15987,34,13,516.08,2,4,2,Others
15990,122,23,401.37,4,3,3,Others
15996,98,80,655.27,3,1,2,Loyal Customers
15998,6,342,2106.26,1,1,1,Best Customer
16003,194,20,1181,4,3,1,Big Spenders
16005,17,93,298.08,1,1,3,Loyal Customers
16006,46,8,101.4,2,4,4,Others
16007,15,160,733.45,1,1,2,Loyal Customers
16008,39,6,139.15,2,4,4,Others
16010,80,86,407.5,3,1,3,Loyal Customers
16011,11,112,1369.71,1,1,1,Best Customer
16013,7,38,12562.87,1,2,1,Big Spenders
16014,126,62,262.93,4,2,3,Others
16016,31,126,809.07,2,1,2,Loyal Customers
16018,15,15,161.9,1,3,4,Others
16019,67,79,2489.5,3,1,1,Almost Lost
16022,95,76,628.28,3,1,2,Loyal Customers
16023,27,65,500.69,2,2,2,Others
16027,11,10,542.87,1,4,2,Others
16029,17,110,20858.31,1,1,1,Best Customer
16030,144,29,331.24,4,3,3,Others
16031,82,39,305.63,3,2,3,Others
16033,35,387,3205.53,2,1,1,Big Spenders
16034,31,22,437.7,2,3,3,Others
16036,98,11,188.73,3,4,4,Others
16037,104,39,855.02,3,2,2,Others
16038,12,23,375.88,1,3,3,Others
16040,103,22,422.43,3,3,3,Others
16042,167,2,-24.95,4,4,4,Lost Cheap Customers
16043,46,31,676.49,2,2,2,Others
16045,80,54,861.25,3,2,2,Others
16048,208,8,256.44,4,4,3,Others
16050,8,10,137.9,1,4,4,Others
16055,55,8,134.8,3,4,4,Others
16057,46,60,974.24,2,2,2,Others
16059,89,97,647.7,3,1,2,Loyal Customers
16062,76,26,578.18,3,3,2,Others
16063,95,23,335.32,3,3,3,Others
16065,200,74,372.09,4,1,3,Loyal Customers
16072,123,23,584.32,4,3,2,Others
16073,132,1,94.35,4,4,4,Lost Cheap Customers
16076,43,16,305.45000000000005,2,3,3,Others
16078,118,1,79.2,4,4,4,Lost Cheap Customers
16080,109,5,89.7,3,4,4,Others
16081,20,63,992.37,1,2,2,Others
16083,195,17,337.98,4,3,3,Others
16084,134,38,436.18,4,2,3,Others
16085,71,57,325.04,3,2,3,Others
16086,35,23,584.98,2,3,2,Others
16091,33,10,157.25,2,4,4,Others
16092,32,37,585.23,2,2,2,Others
16094,54,16,215.70000000000002,3,3,4,Others
16096,99,12,320.62,3,4,3,Others
16097,75,10,185.04999999999998,3,4,4,Others
16098,20,34,1222.22,1,2,1,Big Spenders
16099,60,19,318.3,3,3,3,Others
16103,21,29,805.26,1,3,2,Others
16105,83,13,336.96,3,4,3,Others
16107,18,10,532.9,1,4,2,Others
16109,53,18,611.88,3,3,2,Others
16110,97,200,693.93,3,1,2,Loyal Customers
16112,168,10,136.14,4,4,4,Lost Cheap Customers
16113,18,30,161.38,1,2,4,Others
16114,5,8,135.75000000000003,1,4,4,Others
16115,15,127,658.66,1,1,2,Loyal Customers
16116,46,34,592.88,2,2,2,Others
16117,24,30,232.21,2,2,4,Others
16121,50,74,287.89,2,1,3,Loyal Customers
16122,167,19,249.84,4,3,3,Others
16124,152,11,187.15,4,4,4,Lost Cheap Customers
16125,202,13,289.35,4,4,3,Others
16126,19,42,1844,1,2,1,Big Spenders
16128,117,20,388.3,4,3,3,Others
16131,42,35,1664.52,2,2,1,Big Spenders
16133,20,118,6697.62,1,1,1,Best Customer
16134,194,16,269.13,4,3,3,Others
16135,97,21,517.55,3,3,2,Others
16136,112,8,159.3,4,4,4,Lost Cheap Customers
16139,41,6,139.79999999999998,2,4,4,Others
16140,206,7,124.14,4,4,4,Lost Cheap Customers
16142,84,37,535.34,3,2,2,Others
16143,47,72,1569.07,2,1,1,Big Spenders
16144,81,1,175.2,3,4,4,Others
16145,11,93,1615.51,1,1,1,Best Customer
16146,38,28,659.13,2,3,2,Others
16148,131,1,76.32000000000001,4,4,4,Lost Cheap Customers
16150,105,55,880.88,3,2,2,Others
16152,103,29,1829.04,3,3,1,Big Spenders
16153,20,38,700.1,1,2,2,Others
16156,41,49,1044.57,2,2,2,Others
16159,116,14,348.2,4,3,3,Others
16161,4,253,2467.7,1,1,1,Best Customer
16162,87,2,37.4,3,4,4,Others
16163,67,6,441.6,3,4,3,Others
16168,21,37,1395.31,1,2,1,Big Spenders
16170,18,59,940.24,1,2,2,Others
16172,10,38,551.35,1,2,2,Others
16175,4,42,736.89,1,2,2,Others
16180,5,91,4327.28,1,1,1,Best Customer
16182,38,10,2517,2,4,1,Big Spenders
16184,17,19,447.89,1,3,3,Others
16185,67,19,335,3,3,3,Others
16186,24,80,1332.35,2,1,1,Big Spenders
16187,4,159,3475.62,1,1,1,Best Customer
16188,61,39,565.77,3,2,2,Others
16191,97,47,2551.08,3,2,1,Big Spenders
16193,71,19,314.45,3,3,3,Others
16202,195,18,365.27,4,3,3,Others
16203,62,20,314.55,3,3,3,Others
16205,14,27,112.35,1,3,4,Others
16206,43,41,288.75,2,2,3,Others
16208,124,40,497.59,4,2,2,Others
16209,14,30,1904.2600000000002,1,2,1,Big Spenders
16210,48,63,10593.210000000001,2,2,1,Big Spenders
16212,118,30,489,4,2,2,Others
16214,5,44,1062.75,1,2,1,Big Spenders
16216,102,37,914.9300000000001,3,2,2,Others
16217,70,15,259.39000000000004,3,3,3,Others
16218,41,54,1698.95,2,2,1,Big Spenders
16221,110,32,315.37,4,2,3,Others
16222,153,137,846.72,4,1,2,Loyal Customers
16224,75,44,543.21,3,2,2,Others
16225,11,72,600.5600000000001,1,1,2,Loyal Customers
16226,38,8,255.12,2,4,3,Others
16227,60,6,308.32,3,4,3,Others
16229,47,12,358.2,2,4,3,Others
16230,24,35,542.03,2,2,2,Others
16232,50,19,366.47,2,3,3,Others
16233,164,9,211.95000000000002,4,4,4,Lost Cheap Customers
16235,21,36,656.39,1,2,2,Others
16239,24,15,347.9,2,3,3,Others
16241,12,262,1007.78,1,1,2,Loyal Customers
16242,49,44,387.95,2,2,3,Others
16244,46,91,1522.75,2,1,1,Big Spenders
16245,91,30,445.13,3,2,3,Others
16247,5,16,114.56,1,3,4,Others
16249,36,27,1020.53,2,3,2,Others
16250,96,24,389.44,3,3,3,Others
16253,90,53,1700.4,3,2,1,Big Spenders
16255,81,110,1061.67,3,1,1,Almost Lost
16256,101,13,732.63,3,4,2,Others
16257,11,2,46.95,1,4,4,Others
16258,4,56,1833.46,1,2,1,Big Spenders
16261,81,56,254.96,3,2,3,Others
16265,95,140,2851.29,3,1,1,Almost Lost
16266,11,33,488.84,1,2,2,Others
16270,188,54,1141.24,4,2,1,Big Spenders
16271,193,16,133.22,4,3,4,Others
16274,208,67,357.95,4,1,3,Loyal Customers
16275,31,33,559.87,2,2,2,Others
16276,11,6,810.6000000000001,1,4,2,Others
16279,11,16,346.18,1,3,3,Others
16282,174,11,168.3,4,4,4,Lost Cheap Customers
16283,43,36,277.81,2,2,3,Others
16287,4,8,142.5,1,4,4,Others
16293,42,61,1129.74,2,2,1,Big Spenders
16297,103,20,275.4,3,3,3,Others
16298,21,7,114.3,1,4,4,Others
16303,168,35,827.1800000000001,4,2,2,Others
16306,48,41,602.27,2,2,2,Others
16308,52,2,960,2,4,2,Others
16309,75,21,334.2,3,3,3,Others
16315,165,14,226.37,4,3,4,Others
16316,41,91,1780.81,2,1,1,Big Spenders
16317,132,30,570.76,4,2,2,Others
16319,52,3,404.40000000000003,2,4,3,Others
16323,31,1,207.50000000000003,2,4,4,Others
16324,12,51,166.56,1,2,4,Others
16325,80,5,137.72,3,4,4,Others
16326,8,89,918.58,1,1,2,Loyal Customers
16327,34,210,2469.64,2,1,1,Big Spenders
16332,140,11,122.3,4,4,4,Lost Cheap Customers
16333,27,33,13087.2,2,2,1,Big Spenders
16339,119,20,109.95,4,3,4,Others
16341,36,29,792.21,2,3,2,Others
16342,14,7,136.95,1,4,4,Others
16348,26,110,583.32,2,1,2,Loyal Customers
16349,125,9,53.5,4,4,4,Lost Cheap Customers
16350,168,22,360.7,4,3,3,Others
16351,167,8,153.9,4,4,4,Lost Cheap Customers
16353,52,39,2155.28,2,2,1,Big Spenders
16356,32,31,210.32000000000002,2,2,4,Others
16357,48,7,137.9,2,4,4,Others
16358,19,22,459.6,1,3,2,Others
16359,11,51,956.28,1,2,2,Others
16365,88,10,489.36,3,4,2,Others
16367,197,37,170.91,4,2,4,Others
16369,31,15,354.45,2,3,3,Others
16370,17,109,546.58,1,1,2,Loyal Customers
16374,97,27,156.3,3,3,4,Others
16377,102,5,676.2,3,4,2,Others
16378,82,23,362.95,3,3,3,Others
16383,103,53,309.46,3,2,3,Others
16384,98,24,409.1,3,3,3,Others
16385,201,21,148.23000000000002,4,3,4,Others
16386,88,4,61.10000000000001,3,4,4,Others
16387,157,4,94.36,4,4,4,Lost Cheap Customers
16389,40,16,670.17,2,3,2,Others
16392,104,45,221.19,3,2,4,Others
16393,20,120,956.19,1,1,2,Loyal Customers
16394,6,60,921.28,1,2,2,Others
16395,3,109,967.25,1,1,2,Loyal Customers
16398,88,63,1150.05,3,2,1,Big Spenders
16399,70,31,178.41,3,2,4,Others
16401,45,64,1656.6399999999999,2,2,1,Big Spenders
16402,99,60,299.6,3,2,3,Others
16403,147,10,161.04999999999998,4,4,4,Lost Cheap Customers
16405,137,5,167.25,4,4,4,Lost Cheap Customers
16407,29,62,794.74,2,2,2,Others
16409,77,118,803.5600000000001,3,1,2,Loyal Customers
16411,204,21,131.5,4,3,4,Others
16414,115,3,50.8,4,4,4,Lost Cheap Customers
16418,61,18,145.91,3,3,4,Others
16419,3,34,737.94,1,2,2,Others
16422,5,219,20420.59,1,1,1,Best Customer
16424,26,5,82.56,2,4,4,Others
16425,137,21,302.7,4,3,3,Others
16426,111,11,328.37,4,4,3,Others
16427,98,9,241.06,3,4,3,Others
16431,48,83,642.81,2,1,2,Loyal Customers
16434,27,41,724.22,2,2,2,Others
16440,49,35,272.46,2,2,3,Others
16441,126,13,211,4,4,4,Lost Cheap Customers
16442,62,102,437.03,3,1,3,Loyal Customers
16444,29,45,224.18,2,2,4,Others
16446,40,2,2.9,2,4,4,Others
16448,33,20,188.89000000000001,2,3,4,Others
16449,32,40,674.69,2,2,2,Others
16455,39,59,1133.78,2,2,1,Big Spenders
16456,62,85,1576.61,3,1,1,Almost Lost
16457,53,9,208.36,3,4,4,Others
16458,5,93,1527.7,1,1,1,Best Customer
16461,12,33,151.42,1,2,4,Others
16462,20,2,68,1,4,4,Others
16463,39,19,314.42,2,3,3,Others
16466,15,48,522.84,1,2,2,Others
16469,81,69,276.88,3,1,3,Loyal Customers
16470,27,59,340.71,2,2,3,Others
16471,109,13,223.95000000000002,3,4,4,Others
16473,122,13,216.56,4,4,4,Lost Cheap Customers
16475,108,20,310,3,3,3,Others
16477,49,97,1552.51,2,1,1,Big Spenders
16483,27,19,139.35,2,3,4,Others
16484,8,25,379.4,1,3,3,Others
16493,8,34,782.29,1,2,2,Others
16494,131,50,826.53,4,2,2,Others
16495,111,33,246.51,4,2,3,Others
16496,42,71,1147.74,2,1,1,Big Spenders
16497,38,87,1550.7,2,1,1,Big Spenders
16499,195,19,319.1,4,3,3,Others
16500,165,1,165,4,4,4,Lost Cheap Customers
16503,49,67,1082.89,2,1,1,Big Spenders
16509,131,13,363.7,4,4,3,Others
16510,207,13,248.1,4,4,3,Others
16511,101,62,340.75,3,2,3,Others
16515,81,53,622.33,3,2,2,Others
16517,112,17,162.7,4,3,4,Others
16518,119,11,187.29999999999998,4,4,4,Lost Cheap Customers
16519,200,5,103.7,4,4,4,Lost Cheap Customers
16520,21,156,1036.6200000000001,1,1,2,Loyal Customers
16523,12,118,3197.7000000000003,1,1,1,Best Customer
16525,19,112,7507.6500000000005,1,1,1,Best Customer
16526,6,15,290.36,1,3,3,Others
16529,25,30,455.25,2,2,3,Others
16531,129,31,484.83,4,2,2,Others
16532,173,1,1910.4,4,4,1,Big Spenders
16539,54,38,1053.61,3,2,1,Big Spenders
16546,125,25,-95.93000000000002,4,3,4,Others
16549,169,33,119.49,4,2,4,Others
16550,20,158,1411.06,1,1,1,Best Customer
16551,171,11,311.07,4,4,3,Others
16552,77,17,379.73,3,3,3,Others
16553,40,77,4675.93,2,1,1,Big Spenders
16554,57,21,221.01,3,3,4,Others
16556,36,103,1638.82,2,1,1,Big Spenders
16558,11,227,3693.17,1,1,1,Best Customer
16560,193,21,332.18,4,3,3,Others
16565,199,3,173.7,4,4,4,Lost Cheap Customers
16566,5,9,463.23,1,4,2,Others
16567,29,35,865.6,2,2,2,Others
16570,40,54,1428.08,2,2,1,Big Spenders
16571,11,59,896.79,1,2,2,Others
16572,110,21,342.58,4,3,3,Others
16573,125,16,282.38,4,3,3,Others
16581,17,9,105.84,1,4,4,Others
16583,208,14,233.45000000000002,4,3,3,Others
16584,89,14,583.89,3,3,2,Others
16586,83,8,463.95,3,4,2,Others
16587,67,13,225.15,3,4,4,Others
16592,18,83,1497.08,1,1,1,Best Customer
16593,24,21,255.5,2,3,3,Others
16596,201,6,120.65,4,4,4,Lost Cheap Customers
16598,120,10,140.7,4,4,4,Lost Cheap Customers
16600,88,18,237.46,3,3,3,Others
16607,42,72,1422.06,2,1,1,Big Spenders
16609,32,110,1987.6200000000001,2,1,1,Big Spenders
16610,54,6,75.66,3,4,4,Others
16611,21,10,120.99000000000001,1,4,4,Others
16612,21,42,708.9,1,2,2,Others
16614,17,26,506.19,1,3,2,Others
16617,70,5,151.85,3,4,4,Others
16618,45,54,1424.34,2,2,1,Big Spenders
16619,98,14,204.41,3,3,4,Others
16620,95,5,95.76,3,4,4,Others
16621,50,17,490.7,2,3,2,Others
16623,80,5,129.45000000000002,3,4,4,Others
16624,32,21,426.43,2,3,3,Others
16625,109,23,333.08,3,3,3,Others
16626,3,83,1704.79,1,1,1,Best Customer
16628,53,38,712.91,3,2,2,Others
16633,15,41,703.32,1,2,2,Others
16634,57,9,217.9,3,4,4,Others
16637,60,16,303.62,3,3,3,Others
16638,92,61,1207.19,3,2,1,Big Spenders
16639,41,20,471.15000000000003,2,3,2,Others
16642,42,15,299.23,2,3,3,Others
16643,80,27,487.51,3,3,2,Others
16644,12,62,833.78,1,2,2,Others
16647,4,14,214.06,1,3,4,Others
16652,47,46,3007.2200000000003,2,2,1,Big Spenders
16654,22,24,530.95,2,3,2,Others
16655,20,58,1230.7,1,2,1,Big Spenders
16656,27,31,3514.33,2,2,1,Big Spenders
16657,89,76,242.55,3,1,3,Loyal Customers
16658,203,8,123.24,4,4,4,Lost Cheap Customers
16659,24,2,39.12,2,4,4,Others
16660,45,5,384.36,2,4,3,Others
16665,197,9,135.4,4,4,4,Lost Cheap Customers
16667,119,21,203.35,4,3,4,Others
16668,17,11,196.74,1,4,4,Others
16670,7,160,2510.01,1,1,1,Best Customer
16672,11,73,4606.89,1,1,1,Best Customer
16676,48,64,1065.1,2,2,1,Big Spenders
16678,32,69,1264.15,2,1,1,Big Spenders
16679,201,3,129.75,4,4,4,Lost Cheap Customers
16681,40,25,875.84,2,3,2,Others
16682,22,11,525.5,2,4,2,Others
16684,40,131,24314.46,2,1,1,Big Spenders
16686,29,274,1210.22,2,1,1,Big Spenders
16690,36,5,86.5,2,4,4,Others
16692,91,3,1276,3,4,1,Big Spenders
16693,106,22,157.56,3,3,4,Others
16696,38,9,558.9000000000001,2,4,2,Others
16697,76,21,112.75,3,3,4,Others
16698,61,5,1998,3,4,1,Big Spenders
16700,14,205,3318.85,1,1,1,Best Customer
16701,8,69,2516.74,1,1,1,Best Customer
16705,42,106,6592.83,2,1,1,Big Spenders
16709,34,50,1984.5900000000001,2,2,1,Big Spenders
16710,42,267,1637.64,2,1,1,Big Spenders
16711,137,3,598.8,4,4,2,Others
16712,13,219,1598.15,1,1,1,Best Customer
16713,7,317,3079.9,1,1,1,Best Customer
16714,53,93,911.53,3,1,2,Loyal Customers
16716,101,2,319.8000000000001,3,4,3,Others
16717,7,33,576.59,1,2,2,Others
16718,204,45,623.75,4,2,2,Others
16719,70,107,961.73,3,1,2,Loyal Customers
16721,97,37,292.47,3,2,3,Others
16722,18,104,2250.36,1,1,1,Best Customer
16725,137,151,775.07,4,1,2,Loyal Customers
16726,31,102,795.19,2,1,2,Loyal Customers
16727,199,46,272.82,4,2,3,Others
16728,71,94,326.93,3,1,3,Loyal Customers
16729,11,289,3487.29,1,1,1,Best Customer
16730,69,37,440.62,3,2,3,Others
16735,74,68,1094.6200000000001,3,1,1,Almost Lost
16738,132,1,3.75,4,4,4,Lost Cheap Customers
16739,11,13,312.55,1,4,3,Others
16743,46,84,1061.75,2,1,1,Big Spenders
16744,8,29,109.96,1,3,4,Others
16745,13,260,4345.93,1,1,1,Best Customer
16746,29,212,2889.18,2,1,1,Big Spenders
16748,52,34,910.2,2,2,2,Others
16750,67,10,118.7,3,4,4,Others
16752,207,9,207.5,4,4,4,Lost Cheap Customers
16754,207,2,2002.4,4,4,1,Big Spenders
16755,61,83,908.47,3,1,2,Loyal Customers
16756,49,13,239.4,2,4,3,Others
16757,153,7,106.83000000000001,4,4,4,Lost Cheap Customers
16763,33,23,594.9,2,3,2,Others
16765,129,1,34,4,4,4,Lost Cheap Customers
16766,108,34,1145.6,3,2,1,Big Spenders
16767,17,109,3048.24,1,1,1,Best Customer
16768,106,23,183.25,3,3,4,Others
16769,95,40,380.39,3,2,3,Others
16770,71,104,631.28,3,1,2,Loyal Customers
16771,110,176,1655.95,4,1,1,Lost Customers
16774,13,13,143.4,1,4,4,Others
16775,40,52,691.8,2,2,2,Others
16777,92,39,177.25,3,2,4,Others
16778,109,5,93.18,3,4,4,Others
16779,10,178,4629.7300000000005,1,1,1,Best Customer
16780,94,15,161.89,3,3,4,Others
16781,207,17,294.65,4,3,3,Others
16782,39,142,1322.45,2,1,1,Big Spenders
16788,89,68,297.17,3,1,3,Loyal Customers
16791,48,113,576.15,2,1,2,Loyal Customers
16792,117,12,110.38000000000001,4,4,4,Lost Cheap Customers
16794,14,59,265.36,1,2,3,Others
16795,200,66,414.88,4,1,3,Loyal Customers
16801,27,72,726.98,2,1,2,Loyal Customers
16804,105,19,118.05,3,3,4,Others
16805,8,98,460.59,1,1,2,Loyal Customers
16806,4,57,541.56,1,2,2,Others
16807,50,37,651.83,2,2,2,Others
16808,109,19,166.5,3,3,4,Others
16809,43,65,341.13,2,2,3,Others
16810,27,15,275.64,2,3,3,Others
16812,195,15,479.35,4,3,2,Others
16813,8,176,463.41,1,1,2,Loyal Customers
16814,11,230,4461.51,1,1,1,Best Customer
16816,148,20,325.45,4,3,3,Others
16817,20,60,1021.63,1,2,2,Others
16818,18,72,1161.57,1,1,1,Best Customer
16823,62,38,358.38,3,2,3,Others
16825,20,11,318.7,1,4,3,Others
16832,19,12,199.15,1,4,4,Others
16833,94,32,671.29,3,2,2,Others
16834,62,24,413.46,3,3,3,Others
16835,208,5,81.75,4,4,4,Lost Cheap Customers
16837,32,86,1811.49,2,1,1,Big Spenders
16838,32,25,582.9,2,3,2,Others
16839,7,138,7678.17,1,1,1,Best Customer
16841,5,74,1243.24,1,1,1,Best Customer
16842,137,30,520.5699999999999,4,2,2,Others
16843,11,175,5729.17,1,1,1,Best Customer
16849,21,8,124.57,1,4,4,Others
16850,168,19,332.41,4,3,3,Others
16852,11,7,113.06,1,4,4,Others
16858,203,10,345.89000000000004,4,4,3,Others
16859,96,18,259.84,3,3,3,Others
16863,201,9,162.8,4,4,4,Lost Cheap Customers
16869,10,36,233.53,1,2,3,Others
16871,45,106,1986.97,2,1,1,Big Spenders
16872,19,3,388.36,1,4,3,Others
16873,32,122,3187.65,2,1,1,Big Spenders
16875,131,46,758.29,4,2,2,Others
16877,43,26,77.75,2,3,4,Others
16880,8,56,421.06,1,2,3,Others
16882,74,15,215.70000000000002,3,3,4,Others
16883,22,38,276.73,2,2,3,Others
16885,192,30,190.65,4,2,4,Others
16889,29,135,1578.67,2,1,1,Big Spenders
16891,206,69,232.26,4,1,4,Loyal Customers
16892,18,20,87.03,1,3,4,Others
16893,201,45,145.93,4,2,4,Others
16897,134,37,213.03,4,2,4,Others
16898,12,103,255.12,1,1,3,Loyal Customers
16899,42,41,347.55,2,2,3,Others
16904,12,345,1624.28,1,1,1,Best Customer
16905,71,63,836.98,3,2,2,Others
16906,21,42,394.94,1,2,3,Others
16907,69,100,584,3,1,2,Loyal Customers
16912,42,49,1131.45,2,2,1,Big Spenders
16913,125,8,113.44,4,4,4,Lost Cheap Customers
16915,3,29,208.69,1,3,4,Others
16916,207,50,198.08,4,2,4,Others
16917,111,9,391.52,4,4,3,Others
16918,152,31,275.78000000000003,4,2,3,Others
16919,13,300,2380.71,1,1,1,Best Customer
16923,8,355,3426.2400000000002,1,1,1,Best Customer
16926,206,14,230.25,4,3,4,Others
16927,111,5,341.45,4,4,3,Others
16928,13,102,1218.06,1,1,1,Best Customer
16931,8,442,2087.34,1,1,1,Best Customer
16933,74,20,208.03,3,3,4,Others
16938,14,220,1577.5,1,1,1,Best Customer
16940,4,186,1868.36,1,1,1,Best Customer
16942,11,145,1051.42,1,1,1,Best Customer
16943,46,33,816.73,2,2,2,Others
16945,36,111,1773.68,2,1,1,Big Spenders
16947,70,21,406.48,3,3,3,Others
16948,96,10,240.54000000000002,3,4,3,Others
16949,20,32,768.75,1,2,2,Others
16950,202,3,172,4,4,4,Lost Cheap Customers
16951,139,70,1053.79,4,1,1,Lost Customers
16954,89,32,941.48,3,2,2,Others
16955,19,25,493.67,1,3,2,Others
16957,74,16,416.64,3,3,3,Others
16960,87,45,201.53,3,2,4,Others
16963,22,7,110.55000000000001,2,4,4,Others
16965,61,26,201.19,3,3,4,Others
16966,5,22,1486.56,1,3,1,Big Spenders
16967,24,21,319.02,2,3,3,Others
16969,26,27,397.36,2,3,3,Others
16976,102,2,251.51999999999998,3,4,3,Others
16979,132,11,337.2,4,4,3,Others
16980,90,87,1078.96,3,1,1,Almost Lost
16983,15,61,874.17,1,2,2,Others
16985,46,66,2912.86,2,1,1,Big Spenders
16987,5,42,629.45,1,2,2,Others
16990,53,1,179,3,4,4,Others
16992,34,41,658.7,2,2,2,Others
16996,80,19,692.0300000000001,3,3,2,Others
16997,123,12,702,4,4,2,Others
16998,39,3,279.6,2,4,3,Others
17001,8,98,2210.39,1,1,1,Best Customer
17002,50,30,993.52,2,2,2,Others
17007,36,26,450.23,2,3,3,Others
17015,20,121,524.5,1,1,2,Loyal Customers
17017,39,148,4416.87,2,1,1,Big Spenders
17018,160,6,405,4,4,3,Others
17019,96,158,995.93,3,1,2,Loyal Customers
17025,208,5,160.97,4,4,4,Lost Cheap Customers
17026,20,4,154.82999999999998,1,4,4,Others
17027,14,128,614.18,1,1,2,Loyal Customers
17029,71,1,358,3,4,3,Others
17033,49,14,608.0999999999999,2,3,2,Others
17034,122,6,141.79999999999998,4,4,4,Lost Cheap Customers
17035,80,28,388.33,3,3,3,Others
17041,195,17,288.7,4,3,3,Others
17042,31,56,495.39,2,2,2,Others
17043,13,27,324.96999999999997,1,3,3,Others
17045,82,1,39.95,3,4,4,Others
17047,40,43,749.4300000000001,2,2,2,Others
17048,117,38,739.32,4,2,2,Others
17049,49,73,1581.8,2,1,1,Big Spenders
17050,22,286,2660.59,2,1,1,Big Spenders
17051,29,43,247.14,2,2,3,Others
17054,42,54,918.82,2,2,2,Others
17058,34,49,819.66,2,2,2,Others
17059,32,241,1510.67,2,1,1,Big Spenders
17060,101,5,234.24,3,4,3,Others
17061,3,64,3806.03,1,2,1,Big Spenders
17062,148,70,534.47,4,1,2,Loyal Customers
17063,124,20,309.42,4,3,3,Others
17064,17,43,461.3,1,2,2,Others
17068,24,160,2648.85,2,1,1,Big Spenders
17069,61,55,1046.07,3,2,1,Big Spenders
17071,22,70,1025.32,2,1,2,Loyal Customers
17075,88,62,675.72,3,2,2,Others
17076,108,14,334.2,3,3,3,Others
17080,104,1,74.2,3,4,4,Others
17082,153,24,636.94,4,3,2,Others
17083,130,34,996.02,4,2,2,Others
17085,85,142,1207.3,3,1,1,Almost Lost
17088,17,77,1399.1100000000001,1,1,1,Best Customer
17090,62,17,649.05,3,3,2,Others
17091,20,111,1969.46,1,1,1,Best Customer
17092,112,10,134.9,4,4,4,Lost Cheap Customers
17094,157,14,270.2,4,3,3,Others
17095,134,34,325.85,4,2,3,Others
17096,96,9,133.49,3,4,4,Others
17101,13,17,230.58,1,3,4,Others
17102,96,1,25.5,3,4,4,Others
17105,141,38,319.4,4,2,3,Others
17107,43,169,4118.81,2,1,1,Big Spenders
17109,67,53,464.59000000000003,3,2,2,Others
17114,43,70,430.19,2,1,3,Loyal Customers
17115,17,32,582.22,1,2,2,Others
17117,123,9,116.19999999999999,4,4,4,Lost Cheap Customers
17118,152,10,157.02,4,4,4,Lost Cheap Customers
17120,68,18,307.46,3,3,3,Others
17124,20,32,298.89,1,2,3,Others
17126,134,124,505.32,4,1,2,Loyal Customers
17128,169,14,157.09,4,3,4,Others
17133,25,14,2478.79,2,3,1,Big Spenders
17134,99,20,330.5,3,3,3,Others
17135,124,21,500.55,4,3,2,Others
17138,110,24,380.5,4,3,3,Others
17139,10,242,5566.07,1,1,1,Best Customer
17140,82,20,465.32,3,3,2,Others
17142,74,15,579,3,3,2,Others
17146,98,33,563.88,3,2,2,Others
17147,41,46,938.16,2,2,2,Others
17152,29,14,1503.5,2,3,1,Big Spenders
17155,12,9,143.3,1,4,4,Others
17157,11,8,149.01,1,4,4,Others
17158,67,39,698.55,3,2,2,Others
17159,6,30,528.45,1,2,2,Others
17160,60,80,1205.07,3,1,1,Almost Lost
17162,25,72,1157.03,2,1,1,Big Spenders
17164,47,57,943.22,2,2,2,Others
17165,119,10,158.68,4,4,4,Lost Cheap Customers
17166,38,10,110.74,2,4,4,Others
17169,18,18,296.43,1,3,3,Others
17171,124,16,224.91,4,3,4,Others
17174,52,4,59.9,2,4,4,Others
17175,15,40,821.7,1,2,2,Others
17176,36,15,306.13,2,3,3,Others
17179,13,80,711.79,1,1,2,Loyal Customers
17180,76,97,549.21,3,1,2,Loyal Customers
17181,208,2,155.52,4,4,4,Lost Cheap Customers
17187,61,10,203.95,3,4,4,Others
17188,150,36,1225.79,4,2,1,Big Spenders
17189,194,38,227.22,4,2,4,Others
17190,42,1,0,2,4,4,Others
17191,26,145,1175.7,2,1,1,Big Spenders
17193,11,8,440.26000000000005,1,4,3,Others
17194,108,29,262.62,3,3,3,Others
17198,200,77,521.66,4,1,2,Loyal Customers
17204,10,57,1352.91,1,2,1,Big Spenders
17211,15,141,1447.34,1,1,1,Best Customer
17212,88,4,226.85,3,4,4,Others
17213,151,49,896.8000000000001,4,2,2,Others
17214,84,68,613.67,3,1,2,Loyal Customers
17217,69,9,113.5,3,4,4,Others
17218,49,138,948.58,2,1,2,Loyal Customers
17220,41,189,1464.78,2,1,1,Big Spenders
17223,145,49,426.79,4,2,3,Others
17226,143,21,393.49,4,3,3,Others
17227,7,22,473.75,1,3,2,Others
17228,42,82,687.58,2,1,2,Loyal Customers
17230,99,69,3466.67,3,1,1,Almost Lost
17231,25,298,1697.85,2,1,1,Big Spenders
17234,17,14,149.89,1,3,4,Others
17235,207,10,341.9,4,4,3,Others
17236,14,73,697.73,1,1,2,Loyal Customers
17238,19,259,1548.19,1,1,1,Best Customer
17239,147,15,379.95,4,3,3,Others
17242,15,29,709.44,1,3,2,Others
17243,13,169,3267,1,1,1,Best Customer
17245,39,9,171.45,2,4,4,Others
17250,96,23,162.65,3,3,4,Others
17251,197,39,283.28000000000003,4,2,3,Others
17252,21,86,341.96,1,1,3,Loyal Customers
17255,134,38,112.46,4,2,4,Others
17256,147,12,127.89999999999999,4,4,4,Lost Cheap Customers
17259,203,87,381.64,4,1,3,Loyal Customers
17262,62,10,955.36,3,4,2,Others
17263,43,23,63.44,2,3,4,Others
17265,15,77,384.09000000000003,1,1,3,Loyal Customers
17268,78,2,276.48,3,4,3,Others
17272,34,79,1405.34,2,1,1,Big Spenders
17277,62,69,1065.3500000000001,3,1,1,Almost Lost
17278,76,15,246.04,3,3,3,Others
17282,8,89,1016.41,1,1,2,Loyal Customers
17284,12,206,1101.74,1,1,1,Best Customer
17287,40,46,500.34,2,2,2,Others
17288,42,26,663.7,2,3,2,Others
17289,15,34,167.35999999999999,1,2,4,Others
17291,143,1,550.8000000000001,4,4,2,Others
17293,143,25,469.35,4,3,2,Others
17299,8,18,151.63,1,3,4,Others
17302,43,35,303.12,2,2,3,Others
17303,196,53,250.04,4,2,3,Others
17306,10,33,4444.06,1,2,1,Big Spenders
17311,151,24,556.46,4,3,2,Others
17314,4,57,1293.6,1,2,1,Big Spenders
17315,26,227,2838.1,2,1,1,Big Spenders
17320,71,48,910.1,3,2,2,Others
17323,50,70,292.32,2,1,3,Loyal Customers
17324,166,17,702.23,4,3,2,Others
17325,115,6,96.8,4,4,4,Lost Cheap Customers
17329,150,16,243.36,4,3,3,Others
17334,137,11,306.6,4,4,3,Others
17337,46,541,1920.32,2,1,1,Big Spenders
17338,40,369,3643.25,2,1,1,Big Spenders
17339,200,4,60,4,4,4,Lost Cheap Customers
17340,27,190,5510.64,2,1,1,Big Spenders
17341,201,161,513.6,4,1,2,Loyal Customers
17343,190,17,193.64,4,3,4,Others
17345,31,22,128.33,2,3,4,Others
17346,13,228,1112.19,1,1,1,Best Customer
17348,132,36,160.15,4,2,4,Others
17349,14,9,110.75,1,4,4,Others
17351,4,19,427.3,1,3,3,Others
17356,146,19,178.22,4,3,4,Others
17358,138,59,365.85,4,2,3,Others
17360,19,60,330.95,1,2,3,Others
17361,21,17,263.92,1,3,3,Others
17362,74,35,312.23,3,2,3,Others
17364,39,194,2076.4,2,1,1,Big Spenders
17365,4,255,2371.01,1,1,1,Best Customer
17367,73,34,168.4,3,2,4,Others
17368,8,66,1051.72,1,1,1,Best Customer
17370,4,8,110.69999999999999,1,4,4,Others
17371,196,8,97.63,4,4,4,Lost Cheap Customers
17372,18,161,874.0600000000001,1,1,2,Loyal Customers
17373,147,17,145.25,4,3,4,Others
17374,53,28,495.77,3,3,2,Others
17375,34,69,372.5,2,1,3,Loyal Customers
17376,146,13,105.85,4,4,4,Lost Cheap Customers
17377,8,119,1555.69,1,1,1,Best Customer
17381,14,78,14331.97,1,1,1,Best Customer
17384,54,3,227.65,3,4,4,Others
17388,46,2,763.2,2,4,2,Others
17389,5,76,4968.85,1,1,1,Best Customer
17392,141,62,457.91,4,2,2,Others
17394,54,4,203.86999999999998,3,4,4,Others
17396,206,3,397.5,4,4,3,Others
17398,45,31,528.45,2,2,2,Others
17400,45,110,1312.52,2,1,1,Big Spenders
17402,18,36,1010.65,1,2,2,Others
17406,168,113,1928.72,4,1,1,Lost Customers
17409,19,13,771.85,1,4,2,Others
17410,50,15,302.40000000000003,2,3,3,Others
17411,96,16,255.58,3,3,3,Others
17412,31,35,709.82,2,2,2,Others
17414,19,5,598,1,4,2,Others
17416,11,148,4340.75,1,1,1,Best Customer
17418,158,12,167.39,4,4,4,Lost Cheap Customers
17419,84,102,2035.05,3,1,1,Almost Lost
17420,6,21,391.51,1,3,3,Others
17422,15,66,927.96,1,1,2,Loyal Customers
17423,52,11,432.14,2,4,3,Others
17426,10,169,3279.23,1,1,1,Best Customer
17428,7,220,8499.49,1,1,1,Best Customer
17429,20,28,376.14,1,3,3,Others
17430,200,5,112.6,4,4,4,Lost Cheap Customers
17431,148,43,403.3,4,2,3,Others
17436,61,4,122.39999999999999,3,4,4,Others
17438,88,17,378.3,3,3,3,Others
17440,82,3,123.45,3,4,4,Others
17442,55,50,785.23,3,2,2,Others
17446,11,9,120.9,1,4,4,Others
17449,69,169,1322.69,3,1,1,Almost Lost
17450,11,130,59462.34,1,1,1,Best Customer
17454,27,61,517.53,2,2,2,Others
17455,38,8,131.7,2,4,4,Others
17456,200,17,249.85999999999999,4,3,3,Others
17457,39,11,1397.6399999999999,2,4,1,Big Spenders
17460,60,22,452.63,3,3,3,Others
17462,119,14,463.41,4,3,2,Others
17463,11,126,1230.59,1,1,1,Best Customer
17469,39,14,305.36,2,3,3,Others
17470,52,42,623.11,2,2,2,Others
17472,26,181,710.29,2,1,2,Loyal Customers
17483,18,7,155.1,1,4,4,Others
17486,96,24,396.87,3,3,3,Others
17489,47,16,208.56,2,3,4,Others
17490,11,18,286.45,1,3,3,Others
17491,19,38,1324.8600000000001,1,2,1,Big Spenders
17492,83,12,374.57,3,4,3,Others
17496,193,10,271.05,4,4,3,Others
17499,124,40,622.88,4,2,2,Others
17501,55,18,288.6,3,3,3,Others
17504,41,127,2745.28,2,1,1,Big Spenders
17505,40,26,486.99,2,3,2,Others
17507,96,88,605.58,3,1,2,Loyal Customers
17511,12,450,39867.96,1,1,1,Best Customer
17512,35,47,1297.47,2,2,1,Big Spenders
17515,41,77,571.37,2,1,2,Loyal Customers
17516,52,90,455.21,2,1,3,Loyal Customers
17517,143,11,153.94,4,4,4,Lost Cheap Customers
17519,8,54,1151.15,1,2,1,Big Spenders
17521,34,8,159.56,2,4,4,Others
17522,18,59,787.54,1,2,2,Others
17524,196,6,145,4,4,4,Lost Cheap Customers
17525,194,9,422.70000000000005,4,4,3,Others
17526,125,10,399.5,4,4,3,Others
17527,53,7,251.55,3,4,3,Others
17530,41,259,1367.86,2,1,1,Big Spenders
17531,25,14,296.7,2,3,3,Others
17535,115,13,164.4,4,4,4,Lost Cheap Customers
17536,12,3,76.5,1,4,4,Others
17537,138,61,630.7,4,2,2,Others
17540,151,8,268.8,4,4,3,Others
17542,104,25,170.75,3,3,4,Others
17548,68,5,-141.48,3,4,4,Others
17550,32,42,267.16,2,2,3,Others
17551,194,43,306.84,4,2,3,Others
17552,207,13,298.52,4,4,3,Others
17555,169,49,195.45,4,2,4,Others
17556,40,6,157.9,2,4,4,Others
17560,39,18,486.05,2,3,2,Others
17562,8,21,300.1,1,3,3,Others
17567,68,100,1864.07,3,1,1,Almost Lost
17569,167,29,344.14,4,3,3,Others
17571,112,46,359.95,4,2,3,Others
17572,73,8,152.20000000000002,3,4,4,Others
17574,77,8,185.65,3,4,4,Others
17576,18,182,1666.74,1,1,1,Best Customer
17578,53,5,124.74,3,4,4,Others
17579,14,11,164.41,1,4,4,Others
17580,87,45,215.72,3,2,4,Others
17581,12,195,4507.39,1,1,1,Best Customer
17582,71,29,175.27,3,3,4,Others
17585,5,135,813.52,1,1,2,Loyal Customers
17588,7,12,702.24,1,4,2,Others
17589,22,126,1211.42,2,1,1,Big Spenders
17591,38,151,1638.6200000000001,2,1,1,Big Spenders
17593,187,26,662.9,4,3,2,Others
17594,89,14,315,3,3,3,Others
17596,26,120,1288.86,2,1,1,Big Spenders
17597,48,55,2044.3700000000001,2,2,1,Big Spenders
17601,74,9,116.00999999999999,3,4,4,Others
17602,159,103,767.0500000000001,4,1,2,Loyal Customers
17604,52,63,309.36,2,2,3,Others
17609,137,119,529.39,4,1,2,Loyal Customers
17611,4,424,2131.72,1,1,1,Best Customer
17612,49,47,632.62,2,2,2,Others
17613,4,232,2827.41,1,1,1,Best Customer
17615,38,11,272.3,2,4,3,Others
17616,8,3,571.1999999999999,1,4,2,Others
17618,83,66,666.78,3,1,2,Loyal Customers
17619,147,77,218.52,4,1,4,Loyal Customers
17621,147,15,857.98,4,3,2,Others
17624,53,25,400.3,3,3,3,Others
17625,92,95,549.68,3,1,2,Loyal Customers
17629,6,67,685.13,1,1,2,Loyal Customers
17630,4,26,503.59999999999997,1,3,2,Others
17631,67,21,302.55,3,3,3,Others
17634,47,172,1814.67,2,1,1,Big Spenders
17639,111,7,108.5,4,4,4,Lost Cheap Customers
17642,11,26,395.3,1,3,3,Others
17643,208,8,101.55,4,4,4,Lost Cheap Customers
17644,13,61,863.21,1,2,2,Others
17646,54,51,995.6600000000001,3,2,2,Others
17648,27,65,1107.39,2,2,1,Big Spenders
17651,4,46,689.92,1,2,2,Others
17652,4,134,2345.09,1,1,1,Best Customer
17654,112,22,117.55,4,3,4,Others
17655,45,47,1535.5,2,2,1,Big Spenders
17658,46,9,317.6,2,4,3,Others
17659,4,55,1112.27,1,2,1,Big Spenders
17663,33,38,782.86,2,2,2,Others
17664,47,23,326.19,2,3,3,Others
17667,46,78,1356.67,2,1,1,Big Spenders
17669,5,41,2064.72,1,2,1,Big Spenders
17670,62,11,205.7,3,4,4,Others
17671,46,28,682.18,2,3,2,Others
17672,144,41,1152.3400000000001,4,2,1,Big Spenders
17673,21,149,1067.25,1,1,1,Best Customer
17674,203,11,300.66,4,4,3,Others
17675,13,246,8171.61,1,1,1,Best Customer
17676,201,15,300.7,4,3,3,Others
17677,10,139,7275.13,1,1,1,Best Customer
17678,98,16,298.11,3,3,3,Others
17682,27,54,1092.41,2,2,1,Big Spenders
17685,101,55,1512.72,3,2,1,Big Spenders
17686,35,141,3036.75,2,1,1,Big Spenders
17690,21,161,3063.93,1,1,1,Best Customer
17691,193,19,290.40000000000003,4,3,3,Others
17692,61,39,615.96,3,2,2,Others
17695,6,18,353.6,1,3,3,Others
17696,20,36,821.89,1,2,2,Others
17697,71,19,338.95,3,3,3,Others
17698,95,8,154.95,3,4,4,Others
17700,48,64,1099.82,2,2,1,Big Spenders
17701,87,24,417.95,3,3,3,Others
17702,41,30,351.65,2,2,3,Others
17704,3,31,885.19,1,2,2,Others
17705,50,25,357.3,2,3,3,Others
17706,22,77,1191.27,2,1,1,Big Spenders
17707,20,5,152.4,1,4,4,Others
17708,22,35,267.08,2,2,3,Others
17709,4,7,137.45000000000002,1,4,4,Others
17711,124,13,220.53000000000003,4,4,4,Lost Cheap Customers
17714,155,10,153,4,4,4,Lost Cheap Customers
17715,35,1,326.4,2,4,3,Others
17716,12,127,2626.94,1,1,1,Best Customer
17718,67,6,139.35,3,4,4,Others
17719,14,124,2282.86,1,1,1,Best Customer
17720,60,17,532.38,3,3,2,Others
17722,24,94,2057.48,2,1,1,Big Spenders
17723,7,8,1823.9,1,4,1,Big Spenders
17725,14,84,1512.16,1,1,1,Best Customer
17730,20,93,2025.15,1,1,1,Best Customer
17731,18,32,662.5699999999999,1,2,2,Others
17732,207,18,303.97,4,3,3,Others
17733,96,12,216.95000000000002,3,4,4,Others
17734,68,9,112.97999999999999,3,4,4,Others
17735,22,352,6121.16,2,1,1,Big Spenders
17738,117,41,779.92,4,2,2,Others
17739,31,18,1065.47,2,3,1,Big Spenders
17742,167,13,302.57,4,4,3,Others
17744,85,62,1257.6399999999999,3,2,1,Big Spenders
17746,75,6,98.8,3,4,4,Others
17749,13,35,674.52,1,2,2,Others
17752,194,1,80.64,4,4,4,Lost Cheap Customers
17754,95,28,231.89999999999998,3,3,4,Others
17757,6,328,2637.54,1,1,1,Best Customer
17758,43,131,1054.83,2,1,1,Big Spenders
17759,4,18,167.15,1,3,4,Others
17760,208,9,172.54,4,4,4,Lost Cheap Customers
17763,98,1,15,3,4,4,Others
17764,46,19,261.97,2,3,3,Others
17765,45,44,262.55,2,2,3,Others
17769,8,155,1508.88,1,1,1,Best Customer
17770,33,38,1143.27,2,2,1,Big Spenders
17771,158,22,115.8,4,3,4,Others
17774,84,66,594.99,3,1,2,Loyal Customers
17775,89,3,56.4,3,4,4,Others
17781,88,2,102,3,4,4,Others
17783,82,30,112.41,3,2,4,Others
17786,152,28,114.85,4,3,4,Others
17787,139,119,1716.17,4,1,1,Lost Customers
17789,116,14,225.9,4,3,4,Others
17790,33,70,897.01,2,1,2,Loyal Customers
17795,14,46,350.39,1,2,3,Others
17796,148,78,622,4,1,2,Loyal Customers
17797,17,44,272.41,1,2,3,Others
17799,4,257,1938.52,1,1,1,Best Customer
17800,52,26,354.85,2,3,3,Others
17802,15,75,599.22,1,1,2,Loyal Customers
17809,7,21,2739.6400000000003,1,3,1,Big Spenders
17811,22,382,4047.83,2,1,1,Big Spenders
17812,203,33,217.54999999999998,4,2,4,Others
17816,104,11,21.31,3,4,4,Others
17817,112,13,269.7,4,4,3,Others
17819,17,46,3424.67,1,2,1,Big Spenders
17827,77,156,1583.81,3,1,1,Almost Lost
17830,96,16,287.65000000000003,3,3,3,Others
17838,127,77,1687.7,4,1,1,Lost Customers
17841,6,2549,13752.51,1,1,1,Best Customer
17843,138,37,205.48,4,2,4,Others
17848,4,42,532.93,1,2,2,Others
17849,53,26,605.8000000000001,3,3,2,Others
17850,207,297,5288.63,4,1,1,Lost Customers
17854,20,15,311.26,1,3,3,Others
17855,207,17,208.97,4,3,4,Others
17856,68,9,1118.39,3,4,1,Big Spenders
17857,7,20,9642.78,1,3,1,Big Spenders
17858,3,69,3104.2,1,1,1,Best Customer
17859,139,25,148.21,4,3,4,Others
17860,203,58,252.8,4,2,3,Others
17861,88,42,457.98,3,2,2,Others
17862,158,11,330.9,4,4,3,Others
17863,89,66,1371.9,3,1,1,Almost Lost
17864,110,32,208.41,4,2,4,Others
17865,11,168,4034.13,1,1,1,Best Customer
17867,38,5,591.3000000000001,2,4,2,Others
17869,50,28,310.96,2,3,3,Others
17870,201,1,326.4,4,4,3,Others
17871,39,10,155.9,2,4,4,Others
17873,19,37,1492.3200000000002,1,2,1,Big Spenders
17874,20,46,658.26,1,2,2,Others
17877,5,12,237.60999999999999,1,4,3,Others
17879,8,6,178.51999999999998,1,4,4,Others
17880,199,26,458.92,4,3,2,Others
17881,139,8,133.35,4,4,4,Lost Cheap Customers
17883,81,19,119.35,3,3,4,Others
17884,146,93,602.84,4,1,2,Loyal Customers
17886,45,47,396.26,2,2,3,Others
17888,47,24,178.78,2,3,4,Others
17889,47,21,203.87,2,3,4,Others
17890,157,94,602.09,4,1,2,Loyal Customers
17893,60,16,112.25,3,3,4,Others
17894,120,144,867.85,4,1,2,Loyal Customers
17897,7,114,541.1,1,1,2,Loyal Customers
17898,42,20,99.84,2,3,4,Others
17900,25,6,112.19999999999999,2,4,4,Others
17905,187,28,394.15000000000003,4,3,3,Others
17906,82,12,72.9,3,4,4,Others
17908,208,58,243.28,4,2,3,Others
17912,145,38,295.61,4,2,3,Others
17913,190,31,218.05,4,2,4,Others
17917,91,65,230.46,3,2,4,Others
17920,35,142,1573.59,2,1,1,Big Spenders
17921,101,44,280.57,3,2,3,Others
17923,117,1,207.50000000000003,4,4,4,Lost Cheap Customers
17924,136,3,456.50000000000006,4,4,2,Others
17925,207,1,244.08,4,4,3,Others
17926,38,11,211.73000000000002,2,4,4,Others
17928,81,17,78.26,3,3,4,Others
17929,89,3,435,3,4,3,Others
17930,74,5,390.6,3,4,3,Others
17931,90,50,297.2,3,2,3,Others
17932,8,64,934.51,1,2,2,Others
17937,92,29,3327.48,3,3,1,Big Spenders
17940,53,12,1339.08,3,4,1,Big Spenders
17946,68,20,149.57999999999998,3,3,4,Others
17949,24,16,10152,2,3,1,Big Spenders
17950,200,39,253.09,4,2,3,Others
17951,193,9,391.8,4,4,3,Others
17954,19,283,1480.79,1,1,1,Best Customer
17955,33,19,557.3,2,3,2,Others
17956,84,1,12.75,3,4,4,Others
17960,6,26,73.78,1,3,4,Others
17961,4,183,968.45,1,1,2,Loyal Customers
17964,207,35,261.76,4,2,3,Others
17965,87,151,1330.03,3,1,1,Almost Lost
17966,19,12,283.5,1,4,3,Others
17967,206,48,123.07,4,2,4,Others
17968,208,85,277.35,4,1,3,Loyal Customers
17969,196,7,125.2,4,4,4,Lost Cheap Customers
17970,46,31,582.59,2,2,2,Others
17972,76,31,136.04,3,2,4,Others
17974,54,21,172.77,3,3,4,Others
17975,27,144,2685.92,2,1,1,Big Spenders
17976,207,65,353.19,4,2,3,Others
17978,200,12,300.92,4,4,3,Others
17979,3,97,484.64,1,1,2,Loyal Customers
17980,39,26,562.75,2,3,2,Others
17987,20,13,198.57,1,4,4,Others
17988,161,13,64.99000000000001,4,4,4,Lost Cheap Customers
17990,71,29,630.84,3,3,2,Others
17991,60,5,93.35,3,4,4,Others
17994,24,76,533.98,2,1,2,Loyal Customers
17995,116,2,76.1,4,4,4,Lost Cheap Customers
17999,201,38,190.34,4,2,4,Others
18004,197,40,169.47,4,2,4,Others
18008,38,27,2065.41,2,3,1,Big Spenders
18009,70,32,252.24,3,2,3,Others
18010,91,14,174.8,3,3,4,Others
18011,208,28,102.78999999999999,4,3,4,Others
18016,21,58,488.76,1,2,2,Others
18017,4,2,344,1,4,3,Others
18018,34,2,37.45,2,4,4,Others
18032,169,5,73.5,4,4,4,Lost Cheap Customers
18036,80,40,110.8,3,2,4,Others
18037,60,17,60.82,3,3,4,Others
18040,80,12,239,3,4,3,Others
18041,18,258,2713.7599999999998,1,1,1,Best Customer
18043,41,99,451.81,2,1,3,Loyal Customers
18044,33,63,883.21,2,2,2,Others
18048,38,7,172.29,2,4,4,Others
18050,194,5,74.4,4,4,4,Lost Cheap Customers
18055,38,152,3330.48,2,1,1,Big Spenders
18056,123,19,363.65,4,3,3,Others
18061,17,29,1338.3700000000001,1,3,1,Big Spenders
18062,8,27,720.52,1,3,2,Others
18064,70,2,408,3,4,3,Others
18065,18,83,1399.4,1,1,1,Best Customer
18068,124,1,101.69999999999999,4,4,4,Lost Cheap Customers
18069,15,241,988.92,1,1,2,Loyal Customers
18071,92,25,453,3,3,3,Others
18072,20,18,247.44,1,3,3,Others
18073,12,22,963.5400000000001,1,3,2,Others
18074,208,13,489.6,4,4,2,Others
18075,39,68,1215.97,2,1,1,Big Spenders
18077,8,102,1113.27,1,1,1,Best Customer
18078,52,29,336.13,2,3,3,Others
18079,73,29,1612.83,3,3,1,Big Spenders
18080,77,1,841.4999999999999,3,4,2,Others
18085,165,29,689.95,4,3,2,Others
18086,109,7,101.34,3,4,4,Others
18087,125,1,3162.1199999999994,4,4,1,Big Spenders
18092,19,39,4670.04,1,2,1,Big Spenders
18093,132,23,1094.42,4,3,1,Big Spenders
18094,53,38,1777.2,3,2,1,Big Spenders
18095,147,21,580.0500000000001,4,3,2,Others
18097,40,56,1456.56,2,2,1,Big Spenders
18102,13,119,106443.34,1,1,1,Best Customer
18106,164,39,430.7,4,2,3,Others
18108,89,17,264.65,3,3,3,Others
18109,8,226,3127.44,1,1,1,Best Customer
18113,203,1,76.32000000000001,4,4,4,Lost Cheap Customers
18114,125,28,220.1,4,3,4,Others
18116,69,342,1254.47,3,1,1,Almost Lost
18118,3,824,3885.53,1,1,1,Best Customer
18119,202,30,181.12,4,2,4,Others
18120,49,17,111.15,2,3,4,Others
18125,36,172,943.49,2,1,2,Loyal Customers
18129,78,14,112.55,3,3,4,Others
18133,47,1,715.4999999999999,2,4,2,Others
18135,25,10,109.82000000000001,2,4,4,Others
18136,46,32,578.35,2,2,2,Others
18138,130,8,152.65,4,4,4,Lost Cheap Customers
18142,50,9,280.38,2,4,3,Others
18144,47,27,1605.65,2,3,1,Big Spenders
18145,39,67,1023.78,2,1,2,Loyal Customers
18146,55,4,76.65,3,4,4,Others
18149,50,14,549.68,2,3,2,Others
18150,36,14,227.57999999999998,2,3,4,Others
18151,124,17,312.55,4,3,3,Others
18155,5,19,266.56,1,3,3,Others
18156,204,55,206.23,4,2,4,Others
18159,136,23,530.15,4,3,2,Others
18160,35,19,318.55,2,3,3,Others
18161,87,27,546.3199999999999,3,3,2,Others
18165,12,10,302.46000000000004,1,4,3,Others
18168,11,131,1133.64,1,1,1,Best Customer
18170,52,11,304.21,2,4,3,Others
18171,73,27,446.74,3,3,3,Others
18172,46,93,3708.91,2,1,1,Big Spenders
18173,34,25,1728.8400000000001,2,3,1,Big Spenders
18176,193,30,448.65,4,2,3,Others
18177,39,43,686.4,2,2,2,Others
18178,54,68,1092.44,3,1,1,Almost Lost
18179,87,54,1103.16,3,2,1,Big Spenders
18183,62,37,600.52,3,2,2,Others
18185,84,17,304.25,3,3,3,Others
18188,125,16,426.6,4,3,3,Others
18189,102,40,627.2,3,2,2,Others
18190,27,15,274.51,2,3,3,Others
18191,96,7,207.79999999999998,3,4,4,Others
18196,125,78,450.78,4,1,3,Loyal Customers
18198,4,100,3811.6600000000003,1,1,1,Best Customer
18202,34,68,1396.99,2,1,1,Big Spenders
18204,27,93,549.43,2,1,2,Loyal Customers
18210,102,5,142.4,3,4,4,Others
18211,113,8,137.9,4,4,4,Lost Cheap Customers
18212,161,43,248.42,4,2,3,Others
18213,71,15,232.48000000000002,3,3,3,Others
18218,46,21,626.38,2,3,2,Others
18219,3,69,1181.28,1,1,1,Best Customer
18220,61,2,297.78000000000003,3,4,3,Others
18221,19,30,528.71,1,2,2,Others
18223,7,152,3046.78,1,1,1,Best Customer
18224,98,10,158.95000000000002,3,4,4,Others
18225,39,95,1569.37,2,1,1,Big Spenders
18226,20,113,2596.09,1,1,1,Best Customer
18227,52,5,93.75,2,4,4,Others
18229,6,71,3620.2400000000002,1,1,1,Best Customer
18230,8,57,1562.28,1,2,1,Big Spenders
18231,27,124,2066.17,2,1,1,Big Spenders
18232,27,24,360.48,2,3,3,Others
18233,160,1,440,4,4,3,Others
18235,52,29,430.46000000000004,2,3,3,Others
18236,21,18,304.5,1,3,3,Others
18239,53,88,1561.61,3,1,1,Almost Lost
18241,11,27,428.23,1,3,3,Others
18242,31,26,694.08,2,3,2,Others
18245,46,92,1246.79,2,1,1,Big Spenders
18246,68,2,232.9,3,4,3,Others
18248,21,28,496.46000000000004,1,3,2,Others
18250,145,21,342.92,4,3,3,Others
18252,6,3,69.9,1,4,4,Others
18257,3,43,863.35,1,2,2,Others
18259,201,7,376.3,4,4,3,Others
18260,7,134,2595,1,1,1,Best Customer
18263,87,15,307.59999999999997,3,3,3,Others
18269,201,7,138.9,4,4,4,Lost Cheap Customers
18270,101,5,67.75,3,4,4,Others
18272,60,55,966.74,3,2,2,Others
18273,92,1,51,3,4,4,Others
18280,112,10,180.60000000000002,4,4,4,Lost Cheap Customers
18281,15,7,80.82,1,4,4,Others
18283,4,343,842.58,1,1,2,Loyal Customers
18287,36,29,765.28,2,3,2,Others
